SalePrice,LotArea,MSSubClass,OverallQual,GrLivArea,TotRmsAbvGrd,YearBuilt,YearRemodAdd,GarageCars,GarageType,TotalBsmtSF,FullBath,PoolArea,Heating
208500,8450,60,7,1710,8,2003,2003,2,Attchd,856,2,0,GasA
181500,9600,20,6,1262,6,1976,1976,2,Attchd,1262,2,0,GasA
223500,11250,60,7,1786,6,2001,2002,2,Attchd,920,2,0,GasA
140000,9550,70,7,1717,7,1915,1970,3,Detchd,756,1,0,GasA
250000,14260,60,8,2198,9,2000,2000,3,Attchd,1145,2,0,GasA
143000,14115,50,5,1362,5,1993,1995,2,Attchd,796,1,0,GasA
307000,10084,20,8,1694,7,2004,2005,2,Attchd,1686,2,0,GasA
200000,10382,60,7,2090,7,1973,1973,2,Attchd,1107,2,0,GasA
129900,6120,50,7,1774,8,1931,1950,2,Detchd,952,2,0,GasA
118000,7420,190,5,1077,5,1939,1950,1,Attchd,991,1,0,GasA
129500,11200,20,5,1040,5,1965,1965,1,Detchd,1040,1,0,GasA
345000,11924,60,9,2324,11,2005,2006,3,BuiltIn,1175,3,0,GasA
144000,12968,20,5,912,4,1962,1962,1,Detchd,912,1,0,GasA
279500,10652,20,7,1494,7,2006,2007,3,Attchd,1494,2,0,GasA
157000,10920,20,6,1253,5,1960,1960,1,Attchd,1253,1,0,GasA
132000,6120,45,7,854,5,1929,2001,2,Detchd,832,1,0,GasA
149000,11241,20,6,1004,5,1970,1970,2,Attchd,1004,1,0,GasA
90000,10791,90,4,1296,6,1967,1967,2,Other,0,2,0,GasA
159000,13695,20,5,1114,6,2004,2004,2,Detchd,1114,1,0,GasA
139000,7560,20,5,1339,6,1958,1965,1,Attchd,1029,1,0,GasA
325300,14215,60,8,2376,9,2005,2006,3,BuiltIn,1158,3,0,GasA
139400,7449,45,7,1108,6,1930,1950,1,Attchd,637,1,0,GasA
230000,9742,20,8,1795,7,2002,2002,2,Attchd,1777,2,0,GasA
129900,4224,120,5,1060,6,1976,1976,2,Attchd,1040,1,0,GasA
154000,8246,20,5,1060,6,1968,2001,1,Attchd,1060,1,0,GasA
256300,14230,20,8,1600,7,2007,2007,3,Attchd,1566,2,0,GasA
134800,7200,20,5,900,5,1951,2000,2,Detchd,900,1,0,GasA
306000,11478,20,8,1704,7,2007,2008,3,Attchd,1704,2,0,GasA
207500,16321,20,5,1600,6,1957,1997,1,Attchd,1484,1,0,GasA
68500,6324,30,4,520,4,1927,1950,1,Detchd,520,1,0,GasA
40000,8500,70,4,1317,6,1920,1950,1,Detchd,649,1,0,GasA
149350,8544,20,5,1228,6,1966,2006,1,Attchd,1228,1,0,GasA
179900,11049,20,8,1234,7,2007,2007,2,Attchd,1234,2,0,GasA
165500,10552,20,5,1700,6,1959,1959,2,Attchd,1398,1,0,GasA
277500,7313,120,9,1561,6,2005,2005,2,Attchd,1561,2,0,GasA
309000,13418,60,8,2452,9,2004,2005,3,BuiltIn,1117,3,0,GasA
145000,10859,20,5,1097,6,1994,1995,2,Attchd,1097,1,0,GasA
153000,8532,20,5,1297,5,1954,1990,2,Attchd,1297,1,0,GasA
109000,7922,20,5,1057,5,1953,2007,1,Detchd,1057,1,0,GasA
82000,6040,90,4,1152,6,1955,1955,0,Not Applicable,0,2,0,GasA
160000,8658,20,6,1324,6,1965,1965,2,Attchd,1088,2,0,GasA
170000,16905,20,5,1328,5,1959,1959,1,Attchd,1350,1,0,GasA
144000,9180,85,5,884,5,1983,1983,2,Attchd,840,1,0,GasA
130250,9200,20,5,938,5,1975,1980,1,Detchd,938,1,0,GasA
141000,7945,20,5,1150,6,1959,1959,1,Attchd,1150,1,0,GasA
319900,7658,120,9,1752,6,2005,2005,2,Attchd,1752,2,0,GasA
239686,12822,50,7,2149,6,2003,2003,2,Attchd,1434,1,0,GasA
249700,11096,20,8,1656,7,2006,2006,3,Attchd,1656,2,0,GasA
113000,4456,190,4,1452,8,1920,2008,0,Not Applicable,736,2,0,GasA
127000,7742,20,5,955,6,1966,1966,1,Attchd,955,1,0,GasA
177000,13869,60,6,1470,6,1997,1997,2,Attchd,794,2,0,GasA
114500,6240,50,6,1176,6,1934,1950,2,Detchd,816,1,0,GasA
110000,8472,90,5,816,5,1963,1963,2,Other,816,1,0,GasA
130000,7134,80,5,1360,6,1955,1955,2,Detchd,384,1,0,GasA
180500,10175,20,6,1425,7,1964,1964,2,Attchd,1425,2,0,GasA
172500,2645,160,8,1739,7,1999,2000,2,Attchd,970,2,0,GasA
196500,11645,60,7,1720,7,2004,2004,2,Attchd,860,2,0,GasA
124900,7200,20,5,780,4,1972,1972,1,Detchd,780,1,0,GasA
158000,13072,20,6,1158,5,2004,2004,2,Detchd,1158,1,0,GasA
101000,7200,75,5,1111,6,1920,1996,1,Detchd,530,1,0,GasA
202500,6442,120,8,1370,6,2006,2006,2,Attchd,1370,2,0,GasA
140000,10300,70,7,1710,9,1921,1950,2,Detchd,576,2,0,GasA
219500,9375,60,7,2034,8,1997,1998,2,Attchd,1057,2,0,GasA
317000,9591,60,8,2473,9,2004,2005,3,BuiltIn,1143,2,0,GasA
180000,19900,20,7,2207,7,1970,1989,2,Attchd,1947,2,0,GasA
226000,10665,20,7,1479,7,2003,2003,2,Attchd,1453,2,0,GasA
80000,4608,30,4,747,4,1945,1950,1,Attchd,747,1,0,GasA
225000,15593,50,7,2287,7,1953,1953,2,Attchd,1304,2,0,GasW
244000,13651,20,7,2223,8,1973,1973,2,Attchd,2223,2,0,GasA
129500,7599,20,4,845,4,1982,2006,2,Detchd,845,1,0,GasA
185000,10141,60,7,1718,7,1998,1998,2,Attchd,832,2,0,GasA
144900,10200,20,5,1086,6,1954,2003,2,Attchd,1086,1,0,GasA
107400,5790,50,3,1605,8,1915,1950,1,Detchd,840,2,0,GasA
91000,1596,180,4,988,5,1973,1973,1,BuiltIn,462,1,0,GasA
135750,8475,20,4,952,4,1956,1956,1,Detchd,952,1,0,GasA
127000,8635,50,5,1285,6,1948,2001,1,Detchd,672,1,0,GasA
136500,10778,90,4,1768,8,1968,1968,0,Not Applicable,1768,2,0,GasA
110000,10440,50,5,1230,5,1910,1981,2,Detchd,440,1,0,GasA
193500,13000,60,6,2142,8,1968,1968,1,Attchd,896,2,0,GasA
153500,4500,120,6,1337,5,1998,1998,2,Attchd,1237,2,0,GasA
245000,10206,20,8,1563,6,2007,2007,3,Attchd,1563,2,0,GasA
126500,8892,20,5,1065,6,1960,1960,2,Detchd,1065,1,0,GasA
168500,8530,80,7,1474,7,1995,1996,2,BuiltIn,384,2,0,GasA
260000,16059,60,8,2417,9,1991,1992,2,Attchd,1288,2,0,GasA
174000,11911,60,6,1560,6,2005,2005,2,BuiltIn,684,2,0,GasA
164500,3951,160,6,1224,4,2009,2009,2,Detchd,612,2,0,GasA
85000,8470,50,3,1526,6,1915,1982,0,Not Applicable,1013,1,0,GasA
123600,8070,20,4,990,5,1994,1995,0,Not Applicable,990,1,0,GasA
109900,7200,20,4,1040,4,1950,1950,2,Detchd,0,1,0,GasA
98600,8500,20,5,1235,6,1961,1961,2,Attchd,1235,1,0,GasA
163500,13360,30,5,964,5,1921,2006,2,Detchd,876,1,0,GasA
133900,7200,190,6,2291,9,1910,1998,2,Detchd,1214,2,0,GasW
204750,9337,60,6,1786,7,1997,1997,2,Attchd,824,2,0,GasA
185000,9765,60,6,1470,6,1993,1993,2,BuiltIn,680,2,0,GasA
214000,10264,20,7,1588,6,1999,1999,2,Attchd,1588,2,0,GasA
94750,10921,20,4,960,6,1965,1965,1,Attchd,960,1,0,GasA
83000,10625,30,5,835,5,1920,1950,1,Other,458,1,0,GasA
128950,9320,20,4,1225,6,1959,1959,0,Not Applicable,950,1,0,GasA
205000,10603,20,6,1610,6,1977,2001,2,Attchd,1610,2,0,GasA
178000,9206,60,6,1732,7,1985,1985,2,Attchd,741,2,0,GasA
118964,7018,90,5,1535,8,1979,1979,2,Attchd,0,2,0,GasA
198900,10402,20,7,1226,6,2009,2009,3,Attchd,1226,2,0,GasA
169500,7758,50,7,1818,7,1931,1950,1,Detchd,1040,1,0,GasA
250000,9375,60,8,1992,9,2003,2004,2,Attchd,1053,2,0,GasA
100000,10800,30,4,1047,6,1885,1995,1,Detchd,641,1,0,GasA
115000,6000,20,5,789,5,1948,1950,1,Detchd,789,1,0,GasA
115000,8500,50,5,1517,7,1919,2005,0,Not Applicable,793,2,0,GasW
190000,11751,20,6,1844,7,1977,1977,2,Attchd,1844,2,0,GasA
136900,9525,50,6,1855,7,1954,1972,1,Attchd,994,2,0,GasA
180000,7750,80,7,1430,7,2000,2000,2,BuiltIn,384,2,0,GasA
383970,9965,60,7,2696,10,2007,2007,3,BuiltIn,1264,2,0,GasA
217000,21000,20,6,2259,7,1953,1953,2,Other,1809,2,0,GasA
259500,7259,70,6,2320,9,1945,2002,1,Detchd,1028,2,0,GasA
176000,3230,160,6,1458,5,1999,1999,2,Detchd,729,2,0,GasA
139000,11616,20,5,1092,6,1962,1962,1,Attchd,1092,1,0,GasA
155000,8536,20,5,1125,5,2006,2007,2,Attchd,1125,1,0,GasA
320000,12376,60,7,3222,11,1990,1990,3,Attchd,1673,3,0,GasA
163990,8461,60,6,1456,8,2005,2006,2,Attchd,728,2,0,GasA
180000,21453,80,6,988,4,1969,1969,2,Attchd,938,1,0,GasA
100000,6060,50,4,1123,4,1939,1950,1,Detchd,732,1,0,GasA
136000,9464,20,6,1080,5,1958,1958,1,Attchd,1080,1,0,GasA
153900,7892,120,6,1199,5,1993,1993,2,Attchd,1199,2,0,GasA
181000,17043,20,6,1586,7,1979,1998,2,Attchd,1362,2,0,GasA
84500,6780,190,6,754,5,1935,1982,0,Not Applicable,520,1,0,GasA
128000,4928,120,6,958,5,1976,1976,2,Attchd,1078,2,0,GasA
87000,4388,45,5,840,5,1930,1950,0,Not Applicable,672,1,0,GasA
155000,7590,60,6,1348,6,1966,1966,2,Attchd,660,1,0,GasA
150000,8973,20,5,1053,6,1958,1991,2,Other,1008,1,0,GasA
226000,14200,60,7,2157,8,1966,1966,2,Attchd,924,2,0,GasA
244000,12224,60,6,2054,7,2000,2000,2,BuiltIn,992,2,0,GasA
150750,7388,20,5,1327,7,1959,2002,2,Detchd,1063,1,0,GasA
220000,6853,20,8,1296,6,2001,2002,2,Attchd,1267,2,0,GasA
180000,10335,20,5,1721,7,1968,1993,2,Attchd,1461,2,0,GasA
174000,10400,20,7,1682,7,1970,1970,2,Attchd,1304,2,0,GasA
143000,10355,20,5,1214,5,1967,1967,1,Attchd,1214,2,0,GasA
171000,11070,90,7,1959,9,1988,1989,3,Other,1907,3,0,GasA
230000,9066,60,8,1852,7,1999,2000,3,Attchd,1004,2,0,GasA
231500,15426,60,6,1764,7,1997,1997,2,Attchd,928,2,0,GasA
115000,10500,20,4,864,5,1971,1971,0,Not Applicable,864,1,0,GasA
260000,11645,20,7,1734,7,2005,2005,2,Attchd,1734,2,0,GasA
166000,8520,50,5,1385,6,1952,1952,2,Detchd,910,2,0,GasA
204000,10335,20,7,1501,6,1999,1999,2,Attchd,1490,2,0,GasA
125000,9100,90,5,1728,10,1963,1963,2,Detchd,1728,2,0,GasA
130000,2522,160,6,1709,7,2004,2006,2,Detchd,970,2,0,GasA
105000,6120,30,5,875,5,1931,1993,1,Detchd,715,1,0,GasA
222500,9505,60,7,2035,8,2001,2001,2,BuiltIn,884,2,0,GasA
141000,7500,20,7,1080,6,2004,2005,0,Not Applicable,1080,1,0,GasA
115000,6240,50,5,1344,7,1936,1950,1,Detchd,896,1,0,GasA
122000,10356,20,5,969,5,1975,1975,2,Attchd,969,1,0,GasA
372402,13891,20,8,1710,6,2007,2008,3,Attchd,1710,2,0,GasA
190000,14803,60,6,1993,8,1971,1971,2,Attchd,825,2,0,GasA
235000,13500,20,6,1252,4,1960,1975,2,Attchd,1602,1,0,GasA
125000,11340,30,6,1200,7,1923,1950,1,Detchd,1200,1,0,GasA
79000,9600,50,6,1096,5,1924,1950,0,Not Applicable,572,1,0,Grav
109500,7200,20,5,1040,5,1950,1950,2,Detchd,0,1,0,GasA
269500,12003,60,8,1968,8,2009,2010,3,BuiltIn,774,2,0,GasA
254900,12552,60,7,1947,8,2004,2005,2,Attchd,991,2,0,GasA
320000,19378,60,7,2462,9,2005,2006,2,Attchd,1392,2,0,GasA
162500,11120,20,6,1232,6,1984,1984,2,Attchd,1232,2,0,GasA
412500,13688,60,9,2668,10,2003,2004,3,BuiltIn,1572,2,0,GasA
220000,12182,20,7,1541,7,2005,2005,2,Attchd,1541,2,0,GasA
103200,5500,45,4,882,4,1956,1956,0,Not Applicable,882,1,0,GasA
152000,5400,40,6,1616,5,1926,2004,1,Detchd,1149,2,0,GasA
127500,10106,190,5,1355,6,1940,1999,0,Not Applicable,644,2,0,GasA
190000,10708,20,5,1867,7,1955,1993,1,Attchd,1617,1,0,GasA
325624,10562,60,8,2161,8,2007,2007,3,Attchd,1582,1,0,GasA
183500,8244,60,7,1720,7,2004,2004,2,Attchd,840,2,0,GasA
228000,16669,20,8,1707,6,1981,1981,2,Attchd,1686,2,0,GasA
128500,12358,50,5,1382,7,1941,1950,2,Detchd,720,1,0,GasA
215000,31770,20,6,1656,7,1960,1960,2,Attchd,1080,1,0,GasA
239000,5306,160,7,1767,5,1987,1987,2,Attchd,1064,2,0,GasA
163000,10197,20,6,1362,6,1961,1961,2,Attchd,1362,1,0,GasA
184000,12416,20,6,1651,7,1986,1986,2,Attchd,1606,2,0,GasA
243000,12615,20,6,2158,7,1950,2001,2,Attchd,1202,2,0,GasA
211000,10029,60,6,2060,8,1988,1989,2,Attchd,1151,2,0,GasA
172500,13650,50,5,1920,8,1958,1958,2,Attchd,1052,2,0,GasA
100000,8520,30,5,968,5,1923,2006,2,Detchd,968,1,0,GasA
177000,2117,160,6,1525,5,2000,2000,2,Detchd,756,2,0,GasA
200100,7588,70,7,1802,9,1920,1950,1,Detchd,793,1,0,GasA
120000,9060,20,5,1340,7,1957,2006,1,Attchd,0,1,0,GasA
200000,11426,50,7,2082,6,2003,2003,2,Detchd,1362,2,0,GasA
127000,7438,50,5,1252,5,1908,1991,2,Attchd,504,1,0,GasA
173000,9947,80,7,1217,6,1990,1991,2,Attchd,1188,2,0,GasA
135000,10410,50,5,1656,8,1916,1987,1,Detchd,660,2,0,GasA
153337,7018,90,5,1224,6,1979,1979,2,Detchd,1086,0,0,GasA
286000,4923,120,8,1593,5,2001,2002,2,Attchd,1593,1,0,GasA
315000,10570,70,8,2727,10,1932,1994,2,Detchd,853,2,0,GasA
184000,7472,60,7,1479,7,1972,2004,2,Attchd,725,1,0,GasA
192000,9017,20,7,1431,6,1999,1999,2,Attchd,1431,2,0,GasA
130000,2522,160,7,1709,7,2004,2004,2,Detchd,970,2,0,GasA
127000,7180,20,5,864,5,1972,1972,1,Detchd,864,1,0,GasA
148500,2280,160,6,1456,7,1976,1976,2,Attchd,855,2,0,GasA
311872,9416,20,7,1726,8,2007,2007,3,Attchd,1726,2,0,GasA
235000,25419,75,8,3112,8,1918,1990,2,Detchd,1360,2,512,GasA
104000,5520,75,6,2229,8,1912,1950,0,Not Applicable,755,1,0,GasA
274900,9591,20,8,1713,7,2004,2005,3,Attchd,1713,2,0,GasA
140000,8546,20,4,1121,5,2003,2004,2,Attchd,1121,2,0,GasA
171500,10125,20,6,1279,6,1977,1977,2,Detchd,1196,2,0,GasA
112000,7000,50,6,1310,6,1924,1950,1,Attchd,617,2,0,GasA
149000,4438,120,6,848,3,2004,2004,2,Attchd,848,1,0,GasA
110000,3500,50,5,1284,5,1947,1950,1,Detchd,720,1,0,GasA
180500,11851,20,7,1442,5,1990,1990,2,Attchd,1424,2,0,GasA
143900,13673,20,5,1696,8,1962,1962,1,Attchd,1140,1,0,GasA
141000,12493,20,4,1100,6,1960,1960,1,Attchd,1100,1,0,GasA
277000,14364,60,7,2062,7,1988,1989,2,Attchd,1157,2,0,GasA
145000,8250,20,6,1092,6,1964,1964,2,Attchd,1092,1,0,GasA
98000,5604,30,5,864,5,1925,1950,0,Not Applicable,864,1,0,GasA
186000,10420,20,6,1212,6,2009,2009,2,Attchd,1212,2,0,GasA
252678,8640,60,7,1852,7,2009,2009,2,Attchd,900,2,0,GasA
156000,13568,20,5,990,5,1995,1995,2,Attchd,990,1,0,GasA
161750,10900,60,6,1392,6,1977,1977,1,Attchd,689,1,0,GasA
134450,10011,20,5,1236,6,1957,1996,1,Attchd,1070,1,0,GasA
210000,8450,20,7,1436,8,2004,2004,2,Attchd,1436,2,0,GasA
107000,9906,70,4,1328,8,1925,1950,1,Detchd,686,1,0,GasA
311500,15660,50,7,1954,8,1939,2006,2,Attchd,798,1,0,GasA
167240,3010,120,7,1248,5,2005,2006,2,Attchd,1248,2,0,GasA
204900,8990,20,7,1498,5,2006,2006,2,Attchd,1498,2,0,GasA
200000,8068,60,6,2267,8,2002,2002,2,BuiltIn,1010,2,0,GasA
179900,11475,60,6,1552,6,1975,1975,2,Attchd,713,2,0,GasA
97000,10500,20,4,864,4,1971,1971,2,Detchd,864,1,0,GasA
386250,13472,20,10,2392,8,2003,2003,3,Attchd,2392,2,0,GasA
112000,1680,160,5,1302,6,1971,1971,1,Detchd,630,2,0,GasA
290000,9950,60,7,2520,9,1995,1995,3,Attchd,1203,2,0,GasA
106000,1869,160,6,987,5,1970,1970,1,Detchd,483,1,0,GasA
125000,8521,20,5,912,5,1967,1967,1,Detchd,912,1,0,GasA
192500,3182,120,7,1555,7,2005,2006,2,Attchd,1373,2,0,GasA
148000,8760,20,6,1194,6,1959,1959,1,Attchd,1194,1,0,GasA
403000,15138,60,8,2794,9,1995,1996,3,Attchd,1462,2,0,GasA
94500,1680,160,6,987,5,1972,1972,1,Attchd,483,1,0,GasA
128200,10650,20,5,894,5,1976,1976,1,Attchd,894,1,0,GasA
89500,1680,160,6,987,5,1971,1971,1,Detchd,483,1,0,GasA
185500,8773,20,7,1414,6,2004,2004,2,Attchd,1414,2,0,GasA
194500,9453,60,7,1744,7,1993,2003,2,Attchd,996,2,0,GasA
318000,12030,20,8,1694,7,2007,2007,3,Attchd,1694,2,0,GasA
113000,8741,50,6,1487,7,1945,1950,1,Detchd,735,1,0,GasA
262500,9000,20,8,1566,7,2008,2008,2,Attchd,1566,2,0,GasA
110500,3880,30,5,866,4,1945,1997,0,Not Applicable,686,1,0,GasA
79000,5000,50,5,1440,6,1900,1950,1,Attchd,540,1,0,GasA
120000,10762,160,6,1217,6,1980,1980,1,Attchd,626,1,0,GasA
205000,8880,60,7,2110,8,1994,2002,2,Attchd,948,2,0,GasA
241500,10400,20,7,1872,6,1988,1988,2,Attchd,1845,2,0,GasA
137000,9142,190,6,1928,9,1910,1950,1,Detchd,1020,2,0,GasA
140000,11310,20,6,1375,5,1954,1954,2,Attchd,1367,1,0,GasA
180000,11317,60,7,1668,8,2003,2003,2,Attchd,840,2,0,GasA
76500,5350,30,3,1306,6,1940,1966,0,Not Applicable,728,1,0,GasA
235000,4750,120,8,1625,5,2006,2007,2,Attchd,1573,2,0,GasA
173000,8366,60,6,1640,6,2004,2004,2,Attchd,798,2,0,GasA
158000,9350,80,6,1302,7,1964,1991,1,Attchd,1302,2,0,GasA
145000,8400,20,5,1314,5,1957,1957,1,Attchd,1314,1,0,GasA
230000,8738,60,7,2291,8,1999,1999,2,BuiltIn,975,2,0,GasA
207500,8791,60,6,1728,7,2003,2003,2,Attchd,864,2,0,GasA
220000,8814,20,7,1604,8,2006,2006,2,Attchd,1604,2,0,GasA
231500,12435,60,7,1792,7,2001,2001,2,Attchd,963,2,0,GasA
97000,12702,20,5,882,4,1956,1956,1,Detchd,0,1,0,GasA
176000,19296,80,6,1382,6,1962,1962,2,Attchd,1362,1,0,GasA
276000,9588,60,8,2574,10,2007,2007,3,BuiltIn,1482,2,0,GasA
151000,8471,80,6,1212,6,1977,1995,2,Attchd,506,1,0,GasA
130000,5500,50,5,1316,6,1929,2001,2,Detchd,926,1,0,GasA
73000,5232,30,5,764,4,1925,2004,2,Detchd,680,1,0,GasA
175500,12090,20,6,1422,7,1981,1981,2,Attchd,1422,2,0,GasA
185000,11207,60,6,1511,8,1997,1997,2,Attchd,802,2,0,GasA
179500,8400,75,5,2192,8,1939,1997,1,Detchd,720,2,0,GasA
120500,6900,30,5,778,4,1940,1955,1,Detchd,740,1,0,GasA
148000,7917,20,6,1113,6,1976,1976,1,Attchd,1143,1,0,GasA
266000,10728,60,8,1939,8,2006,2006,3,Attchd,1095,2,0,GasA
241500,39104,20,7,1363,5,1954,2005,2,Attchd,1385,1,0,GasA
290000,11764,60,8,2270,9,1999,2007,3,Attchd,1152,2,0,GasA
139000,9600,20,6,1632,6,1958,1988,1,Attchd,1240,2,0,GasA
124500,8314,20,5,816,5,1982,1982,1,Attchd,816,1,0,GasA
205000,7264,50,7,1548,5,1925,2007,2,Detchd,952,2,0,GasW
201000,9196,20,7,1560,7,2003,2003,2,Attchd,1560,2,0,GasA
141000,19138,20,4,864,4,1951,1951,2,Detchd,864,1,0,GasA
415298,14450,20,9,2121,8,2006,2007,3,Attchd,2121,2,0,GasA
192000,10005,60,7,2022,8,1977,1977,2,Attchd,1160,2,0,GasA
228500,11287,60,7,1982,7,1989,1989,2,Attchd,807,2,0,GasA
185000,7200,20,6,1262,5,2006,2006,2,Attchd,1262,2,0,GasA
207500,5063,120,7,1314,6,2007,2008,2,Attchd,1314,2,0,GasA
244600,9612,20,8,1468,6,2008,2009,3,Attchd,1468,2,0,GasA
179200,8012,120,6,1575,5,1992,1992,2,Attchd,1575,2,0,GasA
164700,4251,160,7,1250,5,2006,2007,2,Detchd,625,2,0,GasA
159000,9786,50,6,1734,7,1962,1981,2,Attchd,912,1,0,GasA
88000,8125,20,4,858,5,1971,1971,0,Not Applicable,858,1,0,GasA
122000,9819,20,5,900,5,1967,1967,1,Detchd,882,1,0,GasA
153575,8730,70,6,1396,7,1915,2003,1,Detchd,698,1,0,GasA
233230,15611,60,8,1919,8,2006,2006,2,Attchd,1079,2,0,GasA
135900,5687,190,5,1716,9,1912,2000,0,Not Applicable,780,2,0,GasA
131000,11409,50,5,1716,8,1949,2008,1,Attchd,768,1,0,GasA
235000,16659,60,7,2263,9,1977,1994,2,Attchd,795,2,0,GasA
167000,9600,20,6,1644,7,1953,1953,2,Attchd,1416,1,0,GasA
142500,7937,80,6,1003,6,1984,1984,2,Detchd,1003,1,0,GasA
152000,13710,50,5,1558,6,1950,1950,1,Attchd,910,1,0,GasA
239000,7399,60,7,1950,7,1997,1998,2,Detchd,975,2,0,GasA
175000,11700,60,6,1743,7,1968,1968,2,Attchd,702,1,0,GasA
158500,14000,20,6,1152,6,1950,2004,1,Attchd,1092,1,0,GasA
157000,15750,190,5,1336,5,1953,1953,1,Attchd,1165,1,0,GasA
267000,16226,60,8,2452,9,1998,1999,2,BuiltIn,1028,2,0,GasA
205000,13704,20,7,1541,6,2001,2002,3,Attchd,1541,2,0,GasA
149900,9800,20,5,894,5,1972,1972,2,Attchd,894,1,0,GasA
295000,18386,75,7,3493,10,1880,2002,3,Attchd,1470,3,0,GasA
305900,10386,20,8,2000,8,2004,2005,3,Attchd,2000,2,0,GasA
225000,13474,60,7,2243,8,1990,1991,3,Attchd,700,2,0,GasA
89500,7920,50,6,1406,6,1920,1950,0,Not Applicable,319,1,0,GasA
82500,12342,30,4,861,4,1940,1950,2,Detchd,861,1,0,GasA
360000,12378,20,9,1944,8,2003,2004,3,Attchd,1896,2,0,GasA
165600,7685,60,6,1501,6,1993,1994,2,Attchd,697,2,0,GasA
132000,8000,20,6,972,5,1948,2002,1,Detchd,972,1,0,GasA
119900,7800,190,5,1118,5,1939,1950,2,Detchd,793,1,0,GasA
178000,9600,70,7,1641,6,1925,1990,2,Detchd,728,1,0,GasA
188500,7795,60,7,1432,6,2004,2005,2,Attchd,716,2,0,GasA
260000,13005,60,7,2353,10,1980,1980,2,Attchd,845,2,0,GasA
270000,9000,60,8,1959,8,2006,2006,3,Attchd,1088,2,0,GasA
260000,9900,60,7,2646,9,1993,1993,3,Attchd,1347,2,0,GasA
187500,14115,80,7,1472,6,1980,1980,2,Attchd,1372,2,0,GasA
342643,16259,60,9,2596,9,2006,2006,3,Attchd,1249,3,0,GasA
354000,12099,60,8,2468,10,2004,2004,3,BuiltIn,1136,2,0,GasA
301000,10380,60,7,2730,8,1986,1987,2,Attchd,1502,2,0,GasA
126175,5820,20,3,1163,6,1955,2005,1,Attchd,1162,1,0,GasA
242000,11275,80,7,2978,11,1967,2007,2,BuiltIn,710,2,0,GasA
87000,5000,45,5,803,5,1941,1950,2,Detchd,720,1,0,GasA
324000,10846,120,8,1719,6,1993,1993,2,Attchd,1719,1,0,GasA
145250,11600,20,6,1383,7,1960,1960,1,Attchd,1383,1,0,GasA
214500,11888,75,6,2134,10,1916,1994,2,Detchd,844,2,0,GasA
78000,6402,70,5,1192,6,1920,1950,1,Detchd,596,1,0,GasA
119000,10624,90,5,1728,10,1964,1964,1,Detchd,1728,2,0,GasA
139000,8176,20,5,1056,6,1958,1992,1,Attchd,1056,1,0,GasA
284000,10655,20,8,1629,7,2003,2004,3,Attchd,3206,2,0,GasA
207000,8198,120,7,1358,6,2004,2004,2,Attchd,1358,2,0,GasA
192000,9042,60,6,1638,7,1998,1998,2,Attchd,943,2,0,GasA
377426,14157,20,9,1922,8,2005,2006,3,Attchd,1922,2,0,GasA
214000,9135,20,7,1536,7,2002,2003,2,Attchd,1536,2,0,GasA
202500,14145,20,7,1621,8,1984,1998,2,Attchd,1208,2,0,GasA
155000,12400,20,6,1215,6,1958,1998,1,Attchd,1215,1,0,GasA
202900,14191,60,8,1908,9,2002,2002,2,Attchd,967,2,0,GasA
82000,8400,20,4,841,4,1950,1950,1,Other,721,1,0,GasA
87500,8544,90,3,1040,6,1949,1950,2,Detchd,0,2,0,Wall
266000,8849,120,9,1684,6,2005,2005,2,Attchd,1684,2,0,GasA
85000,2592,160,5,1112,4,1976,1976,1,Attchd,536,1,0,GasA
140200,6435,50,6,1577,6,1939,1950,1,Detchd,972,1,0,GasA
151500,12772,20,6,958,5,1960,1998,1,Attchd,958,1,0,GasA
157500,17600,20,6,1478,6,1960,1960,2,Attchd,1478,2,0,GasA
154000,2448,160,7,1626,6,2003,2004,2,BuiltIn,764,2,0,GasA
318061,7820,120,9,1869,6,2007,2007,2,Attchd,1869,2,0,GasA
190000,5271,120,7,1453,6,1986,1986,2,Attchd,1453,1,0,GasA
95000,9084,50,5,1111,5,1941,1950,1,Detchd,616,1,0,GasA
105900,8520,30,6,720,5,1928,2003,2,Detchd,624,1,0,GasA
140000,8400,50,6,1595,6,1940,2000,1,Attchd,940,1,0,GasA
177500,11249,20,6,1200,6,1995,1995,2,Attchd,1200,2,0,GasA
173000,9248,20,6,1167,6,1992,1992,2,Attchd,1158,2,0,GasA
134000,4224,120,5,1142,6,1976,1976,2,Attchd,1142,1,0,GasA
130000,6930,80,5,1352,6,1958,1958,1,BuiltIn,1062,1,0,GasA
280000,12011,60,8,1924,7,1998,1998,2,Attchd,1086,2,0,GasA
156000,7540,85,6,912,5,1978,1978,2,Attchd,888,1,0,GasA
145000,9144,50,5,1505,8,1940,1982,1,Detchd,883,1,0,GasA
198500,7301,85,7,1922,7,2003,2003,2,BuiltIn,0,3,0,GasA
118000,1680,160,6,987,5,1972,2007,1,Detchd,483,1,0,GasA
190000,18800,60,6,1574,6,1976,1976,2,Attchd,796,2,0,GasA
147000,10690,70,5,1344,6,1920,1997,1,Detchd,672,1,0,GasA
159000,9500,20,6,1394,6,1963,1963,2,Attchd,1394,1,0,GasA
165000,9150,80,6,1431,6,1962,1962,1,Other,1099,1,0,GasA
132000,7800,20,5,1268,7,1954,1954,1,Attchd,1268,1,0,GasA
162000,9830,20,5,1287,7,1959,2006,2,Detchd,1063,1,0,GasA
172400,8121,60,6,1664,7,2000,2000,2,Attchd,953,2,0,GasA
134432,17120,50,4,1588,7,1959,1959,2,Detchd,0,2,0,GasA
125000,7175,120,6,752,4,1984,1984,1,Attchd,744,1,0,GasA
123000,10634,20,5,1319,5,1953,1953,1,Attchd,608,1,0,GasA
219500,8200,60,7,1928,8,2003,2004,2,BuiltIn,847,2,0,GasA
61000,10020,30,1,904,4,1922,1950,0,Not Applicable,683,0,0,GasA
148000,8846,85,5,914,5,1996,1996,2,Detchd,870,1,0,GasA
340000,11143,60,8,2466,8,2004,2005,2,Attchd,1580,3,0,GasA
394432,11394,20,9,1856,8,2010,2010,3,Attchd,1856,1,0,GasA
179000,8123,60,6,1800,7,2000,2000,2,Attchd,982,2,0,GasA
127000,5000,50,5,1691,6,1924,1950,1,Detchd,1026,2,0,GasA
187750,7200,20,7,1301,5,2006,2006,2,Attchd,1293,2,0,GasA
213500,9245,60,7,1797,8,2006,2006,2,Attchd,939,2,0,GasA
76000,9000,45,6,784,5,1928,1950,2,Detchd,784,1,0,GasA
192000,3182,120,8,1269,6,2004,2005,2,Attchd,1256,2,0,GasA
81000,8410,50,5,1184,8,1910,1996,0,Not Applicable,658,1,0,GasA
125000,7200,80,6,1125,6,1976,1976,1,Detchd,1041,1,0,GasA
191000,9382,20,7,1479,6,1999,2000,2,Attchd,1468,2,0,GasA
119000,8405,50,5,1367,7,1900,1950,1,Detchd,861,1,0,GasA
215000,12209,60,6,1961,7,2001,2002,2,BuiltIn,804,2,0,GasA
106500,8339,20,5,882,5,1959,1959,1,Attchd,0,1,0,GasA
100000,7446,30,4,788,4,1941,1950,0,Not Applicable,788,1,0,GasA
109000,10134,50,5,1034,5,1940,1950,1,Detchd,735,1,0,GasA
129000,9571,20,5,1144,6,1956,1956,1,Attchd,1144,1,0,GasA
123000,7200,20,5,894,6,1972,1972,2,Detchd,894,1,0,GasA
169500,7590,60,5,1812,8,1962,1962,1,Attchd,864,2,0,GasA
67000,8967,30,5,1077,6,1920,1950,1,Detchd,961,1,0,GasA
241000,8125,60,7,1550,7,2006,2007,2,Attchd,1092,2,0,GasA
245500,14963,120,8,1288,4,1996,1996,2,Attchd,1260,1,0,GasA
164990,8767,20,7,1310,6,2005,2005,2,Attchd,1310,2,0,GasA
108000,10200,30,5,672,4,1940,1997,1,Detchd,672,1,0,GasA
258000,12090,60,8,2263,10,1998,1998,2,BuiltIn,1141,2,0,GasA
168000,10364,60,6,1572,7,1995,1996,2,BuiltIn,806,2,0,GasA
150000,9991,20,4,1620,8,1976,1993,2,Attchd,1281,2,0,GasA
115000,10480,50,6,1639,6,1936,1950,1,Detchd,1064,1,0,GasA
177000,15576,70,6,1680,8,1915,1976,1,Attchd,840,2,0,GasA
280000,14154,60,7,2172,9,2006,2006,3,Attchd,1063,2,0,GasA
339750,10800,60,8,2078,8,2007,2008,3,Attchd,1034,2,0,GasA
60000,9571,20,5,1276,5,1958,1958,1,Attchd,1276,1,0,GasA
145000,34650,190,5,1056,5,1955,1955,2,Attchd,1056,1,0,GasA
222000,4403,20,7,1478,7,2009,2009,2,Attchd,1470,2,0,GasA
115000,8960,30,5,1028,5,1927,1950,2,Detchd,1008,1,0,GasA
228000,11228,60,7,2097,9,1993,1993,3,Attchd,1080,2,0,GasA
181134,8899,20,7,1340,6,2007,2007,2,Attchd,1340,2,0,GasA
149500,7844,60,6,1400,6,1978,1978,2,Attchd,672,1,0,GasA
239000,22420,70,6,2624,10,1918,1950,3,Detchd,1370,2,0,GasW
126000,8160,50,5,1134,7,1940,1950,1,Detchd,756,1,0,GasA
142000,8450,20,5,1056,6,1968,1968,1,Attchd,1056,1,0,GasA
206300,7060,90,7,1344,8,1997,1998,4,Attchd,1344,2,0,GasA
215000,16635,20,6,1602,8,1977,2000,2,Attchd,1602,2,0,GasA
113000,21750,20,5,988,4,1954,1954,2,Attchd,988,1,0,GasA
315000,9200,60,8,2630,8,1998,1998,3,Attchd,1470,2,0,GasA
139000,9000,20,6,1196,6,1956,1956,1,Attchd,1196,1,0,GasA
135000,3378,60,7,1389,6,1946,1992,1,Detchd,651,1,0,GasA
275000,12800,80,7,1644,5,1989,1989,2,Attchd,1518,2,0,GasA
109008,8593,20,4,907,5,1957,1957,1,Detchd,907,1,0,GasA
195400,6762,20,7,1208,6,2007,2007,2,Attchd,1208,2,0,GasA
175000,11457,20,6,1412,6,1988,1988,2,Attchd,1392,2,0,GasA
85400,1680,160,6,987,4,1971,1971,1,Detchd,483,1,0,GasA
79900,5586,50,6,1198,7,1920,1998,0,Not Applicable,901,1,0,GasA
122500,1920,160,5,1365,6,1971,1971,2,Detchd,765,1,0,GasA
181000,10839,60,6,1604,7,1997,1998,2,Attchd,926,2,0,GasA
81000,1890,180,4,630,3,1972,1972,0,Not Applicable,630,1,0,GasA
212000,10667,60,7,1661,6,1996,1996,2,Attchd,799,2,0,GasA
116000,4400,50,6,1118,6,1920,1950,2,Detchd,648,1,0,GasA
119000,6000,45,6,904,4,1926,2004,1,Detchd,884,1,0,GasA
90350,4280,30,5,694,4,1913,2002,1,Detchd,440,1,0,GasA
110000,12354,50,6,1196,7,1920,2000,2,Detchd,684,1,0,GasA
118000,12108,90,4,1440,8,1955,1955,0,Not Applicable,1440,2,0,GasA
162900,6240,50,5,1573,8,1930,1992,2,Detchd,1078,2,0,GasA
172500,3922,120,7,1258,6,2006,2007,3,Attchd,1258,2,0,GasA
210000,8750,60,7,1908,8,1994,1995,2,Attchd,915,2,0,GasA
127500,9855,20,6,1689,7,1956,1956,2,Attchd,1436,1,0,GasA
190000,16492,20,6,1888,6,1966,2002,2,Attchd,1517,2,0,GasA
199900,11214,60,7,1886,10,1998,1999,2,Attchd,930,2,0,GasA
119500,8600,50,6,1376,7,1937,1950,1,Detchd,780,2,0,GasA
120000,6000,50,3,1183,6,1948,2002,1,Detchd,649,1,0,GasA
110000,5684,30,6,813,5,1930,2005,1,Detchd,813,1,0,GasA
204000,9303,60,6,1756,7,1996,1997,2,Attchd,872,2,0,GasA
210000,9000,60,8,1590,6,2008,2008,2,Attchd,768,2,0,GasA
188000,9297,90,5,1728,8,1976,1976,2,Detchd,1728,2,0,GasA
175500,9600,20,7,1242,6,1973,1973,2,Attchd,1242,1,0,GasA
98000,4571,70,5,1344,7,1916,1950,3,Detchd,624,1,0,GasA
161000,5100,70,8,1666,7,1925,1996,1,Detchd,588,1,0,GasA
110000,7015,50,5,1203,5,1950,1950,1,Detchd,709,1,0,GasA
263435,8004,60,8,1935,8,2009,2009,2,BuiltIn,832,2,0,GasA
155000,7200,70,7,1135,6,1936,2007,2,Detchd,560,1,0,GasA
62383,8281,20,5,864,5,1965,1965,1,Detchd,864,1,0,GasA
188700,11988,70,6,1660,6,1934,1995,1,Detchd,715,1,0,GasA
124000,8430,20,5,1040,5,1978,1978,0,Not Applicable,1040,2,0,GasA
178740,3072,120,7,1414,6,2004,2004,2,Attchd,1375,2,0,GasA
167000,10628,20,7,1277,5,1970,1970,2,Attchd,1277,1,0,GasA
146500,9480,70,5,1644,7,1942,1995,1,Attchd,728,1,0,GasA
250000,11428,20,8,1634,7,2006,2006,3,Attchd,1626,2,0,GasA
187000,9291,60,6,1710,7,1993,1993,2,Attchd,832,2,0,GasA
212000,6820,120,8,1502,4,1985,1985,2,Attchd,1488,1,0,GasA
190000,11952,60,7,1969,8,1977,1977,2,Attchd,808,2,0,GasA
148000,3675,180,6,1072,5,2005,2005,2,Other,547,1,0,GasA
251000,5330,120,8,1652,6,2000,2000,2,Attchd,1494,2,0,GasA
132500,8480,20,5,970,5,1963,1963,2,Detchd,970,1,0,GasA
208900,13125,20,6,1493,7,1997,1998,2,Attchd,1478,2,0,GasA
380000,13693,60,9,2643,9,2006,2006,3,BuiltIn,2153,2,0,GasA
297000,10637,20,8,1718,7,2007,2008,3,Attchd,1705,2,0,GasA
89471,5925,30,4,1131,7,1937,2000,2,Detchd,907,1,0,GasA
326000,16033,20,9,1850,8,2004,2005,3,Attchd,1833,2,0,GasA
374000,11846,20,9,1792,6,2003,2004,3,Attchd,1792,2,0,GasA
155000,2500,70,7,1826,7,1915,2005,1,Attchd,910,1,0,GasA
164000,4500,120,6,1216,5,1998,1998,2,Attchd,1216,2,0,GasA
132500,7758,20,5,999,6,1962,2001,1,Detchd,999,1,0,GasA
147000,9600,20,5,1113,5,1950,2007,1,Attchd,1113,1,0,GasA
156000,10289,20,5,1073,6,1965,1965,2,Attchd,1073,1,0,GasA
175000,12243,20,5,1484,7,1971,1971,2,Attchd,1484,2,0,GasA
160000,10800,190,5,2414,10,1900,1970,2,Attchd,954,2,0,GasA
86000,1526,180,4,630,3,1970,2002,1,Attchd,630,1,0,GasA
115000,2665,160,5,1304,4,1976,1976,1,BuiltIn,264,1,0,GasA
133000,9490,50,6,1578,5,1941,1950,1,Attchd,806,1,0,GasA
172785,15578,60,6,1456,8,2006,2006,2,Attchd,728,2,0,GasA
155000,7931,20,5,1269,6,1960,1960,1,Detchd,1269,1,0,GasA
91300,5784,30,5,886,4,1938,1996,1,Attchd,190,1,0,GasA
34900,7879,30,4,720,4,1920,1950,0,Not Applicable,720,1,0,GasA
184000,9120,50,7,1820,8,1925,1950,1,Detchd,1026,2,0,GasA
130000,7800,20,5,899,5,1967,2004,1,Attchd,864,1,0,GasA
120000,7535,20,5,912,5,1958,1985,1,Attchd,912,1,0,GasA
113000,1890,160,6,1218,7,1973,1973,1,Detchd,672,1,0,GasA
226700,9803,60,7,1768,7,2005,2005,2,Attchd,866,2,0,GasA
140000,9170,20,5,1214,6,1965,1965,2,Detchd,1214,1,0,GasA
289000,15602,20,7,1801,6,1959,1997,2,Attchd,1501,2,0,GasA
147000,2308,160,6,1322,6,1974,1974,2,Attchd,855,2,0,GasA
124500,7596,90,5,1960,10,1952,1952,2,Detchd,960,2,0,GasA
215000,9554,60,8,1911,8,1993,1994,2,Attchd,777,2,0,GasA
208300,7862,20,6,1218,4,2009,2009,2,Attchd,1218,2,0,GasA
161000,9600,70,7,1378,7,1928,2005,2,Detchd,689,2,0,GasA
124500,9600,20,5,1041,6,1959,1959,1,Attchd,1041,1,0,GasA
164900,14559,20,5,1363,6,1951,2000,1,Other,1008,1,0,GasA
202665,6792,120,7,1368,6,2005,2006,2,Attchd,1368,2,0,GasA
129900,9100,20,5,864,5,1958,1958,2,Detchd,864,1,0,GasA
134000,9187,20,6,1080,5,1983,1983,2,Attchd,1084,1,0,GasA
96500,10594,45,5,789,5,1926,1950,1,Detchd,768,1,0,Grav
402861,12220,20,10,2020,9,2009,2009,3,Attchd,2006,2,0,GasA
158000,10448,80,6,2119,7,1972,1972,2,Attchd,689,2,0,GasA
265000,10208,60,7,2344,7,1996,1997,3,Attchd,1264,2,0,GasA
211000,9531,60,6,1796,7,1998,1998,2,Attchd,794,2,0,GasA
234000,10918,70,7,2080,9,1926,2004,1,Detchd,1276,1,0,GasA
106250,10800,190,4,1294,7,1900,2000,0,Not Applicable,0,2,0,GasA
150000,11988,20,6,1244,6,1957,1957,1,Attchd,1244,1,0,GasA
159000,5000,50,6,1664,7,1947,1950,2,Detchd,1004,2,0,GasA
184750,40094,60,10,4676,11,2007,2008,3,BuiltIn,3138,3,0,GasA
315750,11787,60,7,2398,8,1996,1997,3,Attchd,1379,2,0,GasA
176000,7500,20,7,1266,6,2005,2005,2,Attchd,1257,2,0,GasA
132000,13300,20,5,928,4,1956,2000,1,Attchd,928,1,0,GasA
86000,9098,30,4,605,5,1920,2002,0,Not Applicable,528,1,0,GasA
175000,10200,80,6,1509,5,1988,1989,2,Attchd,1461,2,0,GasA
128000,6155,70,6,1362,6,1920,1999,2,Detchd,611,2,0,GasA
107500,7200,20,5,827,5,1955,2007,1,Detchd,0,1,0,GasA
39300,5000,20,1,334,2,1946,1950,0,Not Applicable,0,1,0,GasA
178000,9056,60,8,1414,6,2004,2004,2,Attchd,707,2,0,GasA
107500,7000,190,5,1347,5,1910,1991,0,Not Applicable,1117,1,0,GasA
188000,8924,60,7,1724,8,1998,1999,2,Attchd,880,2,0,GasA
111250,12735,20,4,864,5,1972,1972,2,Detchd,864,1,0,GasA
158000,11553,20,5,1159,7,1968,1968,1,Attchd,1051,1,0,GasA
272000,11423,20,8,1601,6,2001,2002,2,Attchd,1581,2,0,GasA
315000,14601,20,9,1838,8,2006,2006,3,Attchd,1838,2,0,GasA
248000,11000,60,8,2285,8,2000,2000,3,BuiltIn,969,2,0,GasA
213250,10140,20,7,1680,7,1998,1999,2,Attchd,1650,2,0,GasA
133000,4058,120,7,767,4,1998,1998,1,Attchd,723,1,0,GasA
179665,17104,60,7,1496,7,2006,2006,2,Attchd,654,2,0,GasA
229000,13837,50,7,2183,9,1988,1988,3,Attchd,1204,2,0,GasA
210000,8737,50,6,1635,6,1923,1950,2,Detchd,1065,1,0,GasA
129500,7244,85,5,768,5,1970,1970,2,Detchd,768,1,0,GasA
125000,8235,20,5,825,4,1955,1995,2,Detchd,825,1,0,GasA
263000,9375,60,7,2094,8,2003,2004,2,BuiltIn,912,2,0,GasA
140000,4043,120,6,1069,4,1977,1977,2,Attchd,1069,2,0,GasA
112500,6000,20,5,928,5,1957,1957,1,Attchd,928,1,0,GasA
255500,11146,20,8,1717,7,2006,2006,3,Attchd,1709,2,0,GasA
108000,8777,20,4,1126,5,1949,2003,2,Detchd,0,2,0,GasA
284000,10625,60,7,2046,8,2003,2004,3,BuiltIn,998,2,0,GasA
113000,6380,45,5,1048,5,1922,1950,1,Detchd,993,1,0,GasA
141000,14850,20,5,1092,6,1957,1957,1,Attchd,1092,1,0,GasA
108000,11040,50,4,1336,7,1920,1950,1,Other,637,1,0,GasA
175000,21872,60,7,1446,6,1996,1997,2,Attchd,729,2,0,GasA
234000,3196,120,7,1557,7,2003,2004,2,Attchd,1374,2,0,GasA
121500,11341,20,5,1392,5,1957,1996,2,Detchd,1392,1,0,GasA
170000,10010,20,5,1389,6,1974,1975,2,Attchd,1389,1,0,GasA
108000,13907,30,5,996,6,1940,1969,0,Not Applicable,996,1,0,GasA
185000,21780,50,6,1674,8,1918,1950,2,Detchd,1163,2,0,GasA
268000,13346,60,7,2295,9,1992,2000,2,Attchd,1095,2,0,GasA
128000,6858,70,6,1647,6,1915,1950,1,Detchd,806,1,0,GasA
325000,11198,60,9,2504,11,2005,2007,3,BuiltIn,1122,2,0,GasA
214000,10171,20,7,1535,7,2004,2004,2,Attchd,1517,2,0,GasA
316600,12327,50,8,2132,5,1983,2009,2,BuiltIn,1496,1,0,GasA
135960,7032,90,5,943,4,1979,1979,2,Detchd,943,1,0,GasA
142600,13101,90,5,1728,10,1965,1965,2,Detchd,1728,2,0,GasA
120000,7332,20,6,864,4,1959,1959,1,Attchd,864,1,0,GasA
224500,13159,60,7,1692,6,2009,2009,2,Attchd,846,2,0,GasA
170000,9967,80,7,1430,8,2000,2000,2,BuiltIn,384,2,0,GasA
139000,10500,80,5,1109,5,1971,2005,1,BuiltIn,372,1,0,GasA
118500,8480,50,5,1216,6,1947,1950,1,Detchd,832,1,0,GasA
145000,6292,50,7,1477,6,1928,1950,1,Detchd,861,2,0,GasA
164500,11777,80,5,1320,6,1966,1966,2,Attchd,1164,1,0,GasA
146000,3604,160,7,1392,5,2007,2007,2,Detchd,689,2,0,GasA
131500,12150,50,5,1795,7,1954,1954,1,Attchd,1050,2,0,GasA
181900,14585,20,6,1429,7,1960,1987,2,Attchd,1144,1,0,GasA
253293,12704,20,8,2042,8,2008,2009,3,Attchd,2042,2,0,GasA
118500,11841,90,6,816,5,1990,1990,0,Not Applicable,816,1,0,GasA
325000,13500,75,10,2775,9,1893,2000,2,Detchd,1237,3,0,GasA
133000,6120,50,4,1573,6,1935,1995,1,Detchd,884,1,0,GasA
369900,11443,20,8,2028,7,2005,2006,3,Attchd,1868,2,0,GasA
130000,10267,30,6,838,5,1918,2000,1,Detchd,816,1,0,GasA
137000,8740,85,5,860,4,1982,1982,2,Detchd,840,1,0,GasA
143000,25095,20,5,1473,5,1968,2003,1,Attchd,1437,1,0,GasA
79500,9100,40,5,935,4,1930,1960,1,Detchd,742,1,0,GasA
185900,8320,60,7,1582,6,2004,2004,2,Attchd,770,2,0,GasA
138000,6600,20,5,816,4,1982,2003,2,Detchd,816,1,0,GasA
140000,4435,120,6,848,4,2003,2003,2,Attchd,848,1,0,GasA
110000,7990,20,5,924,5,1975,1975,1,Detchd,924,1,0,GasA
319000,11302,20,8,1826,7,2005,2006,3,Attchd,1814,2,0,GasA
114504,3600,70,6,1368,7,1910,1993,1,Detchd,684,1,0,GasA
194201,3922,120,7,1402,7,2006,2007,3,Attchd,1258,0,0,GasA
217500,12984,20,5,1647,7,1977,1977,2,Attchd,1430,2,0,GasA
151000,1950,160,6,1556,6,1980,1980,2,Attchd,716,2,0,GasA
275000,10927,60,8,1904,8,2005,2005,2,BuiltIn,1058,2,0,GasA
141000,9000,50,6,1375,6,1937,1950,1,Detchd,780,1,0,GasA
220000,10041,60,8,1915,8,1992,1992,2,Attchd,908,2,0,GasA
151000,3182,160,7,1200,4,2004,2005,2,Detchd,600,2,0,GasA
221000,12803,20,7,1494,6,2002,2002,2,Attchd,1494,2,0,GasA
205000,13600,60,7,1986,7,1965,1990,2,Attchd,768,2,0,GasA
152000,12464,20,5,1040,6,1996,1996,2,Detchd,1040,1,0,GasA
225000,7800,20,5,2008,8,1948,2002,1,Attchd,896,3,0,GasA
359100,12168,70,8,3194,10,1934,1998,2,Other,965,2,0,GasA
118500,7943,20,4,1029,5,1961,1961,1,Attchd,1029,1,0,GasA
313000,11050,60,9,2153,8,2000,2000,3,Attchd,1440,2,0,GasA
148000,10395,80,6,1032,6,1978,1978,2,Attchd,1032,2,0,GasA
261500,11885,60,8,1872,7,2001,2001,2,BuiltIn,1299,2,0,GasA
147000,8402,20,5,1120,6,2007,2007,0,Not Applicable,1120,1,0,GasA
75500,1491,180,4,630,3,1972,1972,0,Not Applicable,630,1,0,GasA
137500,8800,85,6,1054,6,1963,1963,2,Attchd,936,1,0,GasA
183200,7861,60,6,1509,7,2002,2003,2,Attchd,783,2,0,GasA
105500,7227,45,6,832,4,1954,1954,2,Detchd,832,1,0,GasA
314813,11694,20,9,1828,9,2007,2007,3,Attchd,1822,2,0,GasA
305000,12244,60,8,2262,10,2003,2003,3,Attchd,1482,2,0,GasA
67000,8248,30,3,864,5,1914,1950,0,Not Applicable,864,1,0,GasA
240000,10800,60,6,2614,9,1974,1997,2,Attchd,1522,2,0,GasA
135000,7064,20,5,980,6,1977,1977,2,Detchd,980,1,0,GasA
168500,2117,160,6,1512,4,2000,2000,2,Detchd,756,2,0,GasA
165150,10400,60,6,1790,8,1972,1972,2,Attchd,732,1,0,GasA
160000,10000,20,6,1116,5,1962,1962,2,Attchd,1116,1,0,GasA
139900,12342,20,5,1422,6,1960,1978,1,Attchd,978,1,0,GasA
153000,9600,80,6,1520,7,1955,1972,1,Other,1156,1,0,GasA
135000,11606,60,5,2080,9,1969,1969,2,Attchd,1040,1,0,GasA
168500,9020,80,6,1350,6,1964,1964,2,Attchd,1248,1,0,GasA
124000,9000,70,5,1750,8,1880,1991,1,Detchd,636,1,0,GasA
209500,4590,120,8,1554,6,2006,2006,2,Attchd,1554,2,0,GasA
82500,11900,20,7,1411,6,1977,1977,2,Attchd,1386,2,0,GasA
139400,9250,20,5,1056,6,1954,2005,1,Attchd,1056,1,0,GasA
144000,6979,90,6,1056,4,1980,1980,2,Detchd,1056,0,0,GasA
200000,10896,190,6,3395,14,1914,1995,0,Not Applicable,1440,2,0,GasA
60000,6120,30,2,800,4,1936,1950,0,Not Applicable,264,1,0,Grav
93000,6000,190,5,1387,7,1954,1954,1,BuiltIn,811,2,0,GasA
85000,8777,30,5,796,4,1910,1950,0,Not Applicable,796,1,0,GasA
264561,3982,120,8,1567,7,2006,2006,3,Attchd,1520,2,0,GasA
274000,12677,120,8,1518,6,2003,2004,2,Attchd,1518,1,0,GasA
226000,7050,60,7,1929,7,2001,2001,2,Attchd,1057,2,0,GasA
345000,13860,80,8,2704,9,1972,1995,2,Attchd,1952,2,0,GasA
152000,10793,60,5,1620,7,1969,1969,2,Attchd,780,2,0,GasA
370878,9187,20,9,1766,7,2009,2009,3,Attchd,1766,2,0,GasA
143250,10530,20,6,981,5,1971,1971,2,Detchd,981,1,0,GasA
98300,7200,20,5,1048,7,1950,1950,2,Detchd,0,1,0,GasA
155000,10452,20,6,1094,5,1953,1953,2,Attchd,1094,1,0,GasA
155000,7700,60,6,1839,7,1966,1966,2,Attchd,756,1,0,GasA
84500,1936,180,4,630,3,1970,1970,0,Not Applicable,630,1,0,GasA
108000,9084,70,4,1510,7,1940,1950,1,Detchd,755,1,0,GasA
191000,8750,60,7,1716,7,1996,1996,2,Attchd,880,2,0,GasA
135000,10320,50,6,1469,7,1906,1995,1,Detchd,756,1,0,GasA
350000,10437,20,8,2113,7,1995,1995,3,Attchd,2109,2,0,GasA
88000,1680,160,6,1092,6,1971,1971,1,Detchd,525,1,0,GasA
145500,10007,20,5,1053,5,1959,2006,1,Attchd,1053,1,0,GasA
149000,7200,70,7,1502,6,1931,2000,1,Attchd,776,1,0,GasA
97500,17503,50,6,1458,6,1948,1950,1,Attchd,912,1,0,GasA
167000,9937,20,5,1486,7,1964,1999,2,Detchd,1486,1,0,GasA
197900,12384,60,7,1935,7,1976,1976,2,Attchd,793,2,0,GasA
110000,13560,20,6,1392,5,1968,1968,2,Attchd,1392,1,0,GasA
137500,10012,85,4,1181,6,1972,1972,2,Detchd,1138,2,0,GasA
230500,11194,60,8,1936,7,2000,2000,2,Attchd,1406,2,0,GasA
129000,18450,60,6,2380,7,1965,1979,2,Other,1021,2,0,GasA
193500,8125,20,6,1679,7,1994,1998,2,Attchd,1408,2,0,GasA
168000,14175,20,5,1437,6,1956,1987,2,Detchd,1188,1,0,GasA
137500,11600,30,4,1180,5,1922,1950,1,Detchd,700,1,0,GasA
173500,8633,60,6,1476,7,2005,2005,2,Attchd,738,2,0,GasA
103600,6629,70,6,1369,6,1925,1950,1,Detchd,672,2,0,GasA
165000,11250,20,6,1208,6,1977,1977,2,Attchd,1208,1,0,GasA
257500,14442,20,6,1839,7,1957,2004,2,Attchd,1477,2,0,GasA
140000,9200,20,6,1136,5,1965,1965,1,Attchd,1136,1,0,GasA
148500,2289,160,6,1441,7,1978,1978,2,Attchd,855,2,0,GasA
87000,9600,70,4,1774,8,1900,1950,3,Other,1095,2,0,GasW
109500,9022,30,5,792,5,1924,2006,1,Detchd,768,1,0,GasA
372500,11844,20,8,2046,7,2008,2008,3,Attchd,2046,2,0,GasA
128500,9945,20,5,988,5,1961,1961,2,Detchd,988,1,0,GasA
143000,8012,120,6,923,5,1980,1980,1,Attchd,923,2,0,GasA
159434,4500,50,5,1520,6,1932,2000,1,Detchd,793,1,0,GasA
173000,2887,120,6,1291,6,1996,1997,2,Attchd,1291,1,0,GasA
285000,11248,20,9,1668,7,2002,2002,3,Attchd,1626,2,0,GasA
221000,16770,60,7,1839,7,1998,1998,2,Attchd,1195,2,0,GasA
207500,5062,160,7,2090,6,1984,1984,2,Attchd,1190,2,0,GasA
227875,10207,60,7,1761,7,2007,2007,2,Attchd,874,3,0,GasA
148800,5105,160,7,1102,4,2004,2004,2,Detchd,551,2,0,GasA
392000,8089,20,8,1419,7,2007,2007,2,Attchd,1419,2,0,GasA
194700,7577,120,6,1362,6,2005,2006,2,Attchd,1362,2,0,GasA
141000,4426,120,6,848,3,2004,2004,2,Attchd,848,1,0,GasA
335000,26178,60,7,2519,9,1989,1990,2,Attchd,1210,2,0,GasA
108480,5400,30,5,1073,4,1921,1968,1,Detchd,1073,1,0,GasA
141500,6120,50,5,1539,5,1936,1950,2,Detchd,927,1,0,GasA
176000,13811,20,6,1137,5,1987,1987,2,Attchd,1112,2,0,GasA
89000,6000,30,5,616,4,1921,1950,1,Detchd,616,1,0,GasA
123500,6420,20,5,1148,6,1952,1952,1,Detchd,980,1,0,GasA
138500,8450,20,5,894,5,1965,2009,1,Detchd,894,1,0,GasA
196000,4282,120,7,1391,5,2004,2004,2,Attchd,1391,2,0,GasA
312500,14331,20,8,1800,7,2002,2002,3,Attchd,1800,2,0,GasA
140000,9600,20,7,1164,6,1969,1969,2,Attchd,1164,1,0,GasA
361919,12438,60,8,2576,10,2006,2006,3,BuiltIn,1234,2,0,GasA
140000,7630,190,5,1812,8,1900,1996,2,Detchd,360,2,0,GasA
213000,8400,20,7,1484,7,2004,2005,2,Attchd,1473,2,0,GasA
55000,5600,190,4,1092,7,1930,1950,0,Not Applicable,0,2,0,GasA
254000,6240,120,8,1324,6,2006,2006,2,Attchd,1324,2,0,GasA
179540,9018,60,7,1456,8,2007,2007,2,Attchd,728,2,0,GasA
109900,7162,20,5,904,6,1966,1966,1,Attchd,876,1,0,GasA
52000,4130,30,3,729,5,1935,2003,0,Not Applicable,270,1,0,GasA
102776,8712,50,4,1178,7,1900,1950,1,Detchd,859,1,0,GasA
189000,4671,120,8,1228,5,1988,1989,2,Attchd,1228,2,0,GasA
129000,9873,190,4,960,6,1970,1970,2,Detchd,960,1,0,GasW
130500,13517,60,6,1479,6,1976,2005,2,Attchd,725,2,0,GasA
165000,10140,20,6,1350,7,1974,1974,2,Attchd,1064,2,0,GasA
159500,10800,70,7,2554,8,1890,1998,2,Detchd,718,1,0,GasA
157000,10000,20,5,1178,5,1973,2000,2,Attchd,1176,1,0,GasA
341000,10542,60,7,2418,9,1993,1994,3,Attchd,1311,2,0,GasA
128500,9920,20,5,971,5,1969,1969,1,Attchd,971,1,0,GasA
275000,6563,120,8,1742,5,1985,1985,2,Attchd,1742,2,0,GasA
143000,4426,120,6,848,3,2004,2004,2,Attchd,848,1,0,GasA
124500,8120,20,4,864,5,1970,1970,2,Detchd,864,1,0,GasA
135000,8172,50,4,1470,7,1954,1972,1,Detchd,941,2,0,GasA
320000,13286,20,9,1698,8,2007,2008,3,Attchd,1698,2,0,GasA
120500,6960,20,4,864,5,1970,1970,2,Detchd,864,1,0,GasA
222000,21695,20,6,1680,5,1988,2007,2,Attchd,880,2,0,GasA
194500,7314,20,7,1232,6,2007,2007,2,Attchd,1232,2,0,GasA
110000,11475,90,5,1776,9,1958,1958,3,Detchd,1584,2,0,GasA
103000,6240,30,4,1208,5,1925,1950,2,Detchd,780,1,0,GasA
236500,5389,120,8,1616,5,1995,1996,2,Attchd,1595,2,0,GasA
187500,9590,80,7,1146,6,2003,2003,2,Attchd,868,2,0,GasA
222500,11404,60,7,2031,8,1998,1999,2,Attchd,1153,2,0,GasA
131400,10000,20,5,1144,6,1961,1983,1,Attchd,864,1,0,GasA
108000,8978,20,5,948,6,1968,1968,1,Attchd,948,1,0,GasA
163000,10800,75,7,1768,6,1914,1970,2,Detchd,880,1,0,GasW
93500,8544,90,3,1040,6,1950,1950,2,Detchd,0,2,0,GasA
239900,10463,60,8,1801,8,2005,2005,3,Attchd,893,2,0,GasA
179000,10800,90,5,1200,5,1987,1988,0,Not Applicable,1200,3,0,GasA
190000,9313,60,7,1728,7,2004,2004,2,Attchd,864,2,0,GasA
132000,9600,70,5,1432,7,1910,2002,2,Detchd,264,2,0,GasA
142000,6768,20,6,912,5,1961,1996,1,Detchd,912,1,0,GasA
179000,8450,20,7,1349,6,2000,2001,2,Attchd,1349,2,0,GasA
175000,12886,80,5,1464,6,1963,1999,2,Attchd,520,2,0,GasA
180000,5395,120,8,1337,5,1993,1993,2,Attchd,1337,2,0,GasA
299800,8963,60,8,2715,11,1976,1996,2,BuiltIn,1142,3,0,GasA
236000,8795,60,7,2256,8,2000,2000,2,BuiltIn,952,2,0,GasA
265979,11700,70,7,2640,8,1880,2003,4,Detchd,1240,1,0,GasW
260400,10593,20,7,1720,7,1996,1996,2,Attchd,1720,2,0,GasA
98000,8405,50,4,1529,9,1945,1950,1,Detchd,0,2,0,Wall
96500,8800,50,4,1140,7,1910,2004,0,Not Applicable,576,1,0,GasA
162000,7750,60,7,1320,6,2003,2003,2,Attchd,660,2,0,GasA
217000,9236,20,6,1494,6,1997,1997,2,Attchd,1479,2,0,GasA
275500,10240,60,8,2098,8,2005,2005,3,Attchd,1030,2,0,GasA
156000,7930,20,6,1026,5,1969,2005,2,Detchd,1026,1,0,GasA
172500,3230,160,6,1471,6,1999,1999,2,Detchd,729,2,0,GasA
212000,10769,60,8,1768,7,2007,2007,2,Attchd,866,2,0,GasA
158900,11616,60,6,1386,6,1978,1978,2,Attchd,672,2,0,GasA
179400,2280,160,7,1501,6,1999,1999,2,Detchd,744,2,0,GasA
290000,12257,60,8,2531,9,1995,1995,3,Attchd,1318,2,0,GasA
127500,9100,20,6,864,5,1959,1959,1,Detchd,864,1,0,GasA
100000,6911,30,5,1301,5,1924,1950,2,Detchd,1145,1,0,GasA
215200,8640,60,7,1547,7,2009,2009,2,Attchd,756,2,0,GasA
337000,9430,60,8,2365,8,1999,1999,3,Attchd,1252,2,0,GasA
270000,9549,120,8,1494,6,1995,1996,2,Attchd,1494,1,0,GasA
264132,14587,20,9,1506,6,2008,2008,2,Attchd,1498,2,0,GasA
196500,10421,60,7,1714,7,1988,1988,2,Attchd,980,2,0,GasA
160000,12508,50,6,1750,7,1940,1985,1,Attchd,983,2,0,GasA
216837,9100,20,7,1836,8,2004,2005,2,Attchd,1860,2,0,GasA
134900,7252,85,5,858,5,1982,1982,2,Detchd,858,1,0,GasA
102000,8877,20,4,1220,6,1951,1951,2,Detchd,836,1,0,GasA
107000,7819,80,6,1117,6,1976,1976,2,Detchd,1029,1,0,GasA
114500,10150,20,5,912,5,1958,1958,1,Attchd,912,1,0,GasA
395000,14226,20,8,1973,9,2006,2006,3,Attchd,1935,2,0,GasA
162000,4500,120,6,1204,5,1998,1998,2,Attchd,1204,2,0,GasA
221500,11210,20,7,1614,7,2005,2006,3,Attchd,1614,2,0,GasA
142500,13350,20,5,894,5,1974,1974,2,Attchd,864,1,0,GasA
144000,8400,90,5,2020,10,1977,1977,2,Detchd,0,2,0,GasA
135000,10530,90,6,1004,4,1977,1977,2,Attchd,975,1,0,GasA
176000,7875,20,7,1253,6,1995,1996,2,Attchd,1237,2,0,GasA
175900,7153,60,6,1603,7,1992,1992,2,Attchd,761,2,0,GasA
187100,16285,20,7,1430,6,2001,2002,2,Attchd,1413,2,0,GasA
165500,9101,85,5,1110,4,1978,1978,2,Attchd,1097,1,0,GasA
128000,6300,75,6,1484,9,1914,2001,0,Not Applicable,742,2,0,GasA
161500,9790,20,6,1342,7,1967,1967,2,Attchd,1372,2,0,GasA
139000,10800,50,5,1652,7,1915,1950,1,Detchd,686,2,0,GasA
233000,10142,60,7,2084,8,2004,2004,2,BuiltIn,956,2,0,GasA
107900,6000,20,4,901,4,1954,2000,1,Detchd,901,1,0,GasA
187500,12205,60,6,2087,9,1966,2007,2,Attchd,832,2,0,GasA
160200,3182,120,7,1145,5,2005,2006,2,Attchd,1145,2,0,GasA
146800,11333,80,6,1062,5,1976,1976,2,Attchd,1029,1,0,GasA
269790,9920,60,7,2013,8,1996,1997,2,Attchd,1117,2,0,GasA
225000,9158,20,8,1496,7,2007,2007,2,Attchd,1496,2,0,GasA
194500,10832,60,7,1895,7,1994,1996,2,Attchd,712,2,0,GasA
171000,8400,60,6,1564,7,1980,1981,2,Attchd,650,2,0,GasA
143500,8197,20,6,1285,7,1977,1977,2,Attchd,660,1,0,GasA
110000,7677,20,5,773,4,1953,1953,1,Attchd,773,1,0,GasA
175000,7200,50,5,1768,7,1937,1950,1,Detchd,731,1,0,GasA
200000,12798,60,6,1688,8,1997,1997,2,Attchd,616,2,0,GasA
109900,4800,30,4,1196,5,1916,1990,2,Detchd,1196,1,0,GasA
189000,8199,60,7,1456,7,2005,2005,2,Attchd,728,2,0,GasA
118000,9000,20,5,1128,5,1954,1954,1,Attchd,936,1,0,GasA
227680,12274,20,7,1428,6,2008,2008,2,Attchd,1417,2,0,GasA
135500,9750,80,5,980,6,1967,1967,1,Attchd,980,2,0,GasA
223500,21384,70,5,1576,6,1923,2004,2,Attchd,1324,1,0,GasA
159950,13400,80,5,1086,6,1966,1966,2,Attchd,1024,1,0,GasA
106000,8100,75,5,2138,11,1898,1965,2,Detchd,849,2,0,GasA
181000,10140,20,6,1309,5,1974,1999,2,Attchd,1040,1,648,GasA
144500,4438,120,6,848,4,2004,2004,2,Attchd,848,1,0,GasA
55993,8712,20,5,1044,4,1952,1952,2,Other,540,1,0,GasA
157900,9750,20,6,1442,7,1958,1958,1,Attchd,1442,1,0,GasA
116000,8248,50,5,1250,7,1918,1950,1,Detchd,686,1,0,GasW
224900,12137,20,7,1661,6,1998,1998,2,Attchd,1649,2,0,GasA
137000,11425,20,5,1008,4,1954,1954,1,Attchd,1008,1,0,GasA
271000,13265,20,8,1689,7,2002,2002,3,Attchd,1568,2,0,GasA
155000,8816,80,6,1052,6,1971,1971,2,Attchd,1010,1,0,GasA
224000,6371,120,7,1358,6,2009,2010,2,Attchd,1358,2,0,GasA
183000,7226,60,7,1640,6,2003,2003,2,Attchd,798,2,0,GasA
93000,6000,20,4,936,4,1953,1953,2,Detchd,936,1,0,GasA
225000,12394,60,7,1733,7,2003,2003,2,BuiltIn,847,2,0,GasA
139500,9900,50,6,1489,7,1940,1950,1,Detchd,778,2,0,GasA
232600,11216,20,8,1489,7,2006,2006,2,Attchd,1489,2,0,GasA
385000,14803,20,10,2084,7,2007,2008,3,Attchd,2078,2,0,GasA
109500,6130,45,5,784,5,1924,1950,0,Not Applicable,784,1,0,GasA
189000,8529,20,7,1434,6,2001,2001,2,Attchd,1454,2,0,GasA
185000,28698,60,5,2126,7,1967,1967,2,Attchd,1013,2,0,GasA
147400,2544,160,7,1223,4,2005,2005,2,Detchd,600,2,0,GasA
166000,11900,20,6,1392,6,1957,1957,2,Attchd,1392,1,0,GasA
151000,3180,160,7,1200,4,2005,2005,2,Detchd,600,2,0,GasA
237000,9548,60,7,1829,7,2003,2003,2,Attchd,941,2,0,GasA
167000,10004,20,6,1516,6,1964,1964,2,Attchd,1516,1,0,GasA
139950,7875,20,5,1144,6,1961,1961,2,Attchd,1144,1,0,GasA
128000,9600,20,4,1067,4,1950,1995,2,Attchd,1067,2,0,GasA
153500,8100,30,5,1559,5,1948,1973,2,Detchd,1559,1,0,GasA
100000,1680,160,6,987,5,1973,1973,1,Detchd,483,1,0,GasA
144000,9525,20,5,1099,6,1995,2006,1,Attchd,1099,1,0,GasA
130500,11767,50,5,1200,6,1946,1995,1,Detchd,768,1,0,GasA
140000,12155,70,6,1482,7,1925,1950,1,Detchd,672,2,0,GasA
157500,10440,70,5,1539,8,1904,2002,2,Detchd,650,2,0,GasA
174900,9020,80,6,1165,6,1966,1966,2,Attchd,1127,1,0,GasA
141000,8000,90,5,1800,10,1961,1961,0,Not Applicable,1800,2,0,GasA
153900,12665,50,5,1416,7,1915,1950,3,Detchd,876,1,0,GasA
171000,16647,85,5,1701,6,1975,1981,2,Other,1390,2,0,GasA
213000,9317,60,7,1775,7,1993,1993,2,Attchd,740,2,0,GasA
133500,15523,20,5,864,5,1972,1972,1,Attchd,864,1,0,GasA
187000,9600,80,6,1855,7,1976,1994,2,Attchd,528,2,0,GasA
131500,4435,120,6,848,3,2003,2003,2,Attchd,848,1,0,GasA
215000,3196,120,8,1456,7,2003,2003,2,Attchd,1273,2,0,GasA
164000,7128,75,7,1646,7,1941,1950,1,Detchd,918,2,0,GasA
158000,12095,80,6,1445,7,1964,1964,2,Attchd,1127,1,0,GasA
170000,17920,20,5,1779,6,1955,1974,2,Attchd,1763,1,0,GasA
127000,6897,20,5,1040,6,1962,2010,1,Detchd,1040,1,0,GasA
147000,10970,80,6,1026,5,1978,1978,2,Detchd,940,1,0,GasA
174000,8125,60,6,1481,6,1994,1995,2,Attchd,702,2,0,GasA
152000,10400,20,7,1370,6,1976,1976,2,Attchd,1090,2,0,GasA
250000,11029,60,6,2654,9,1968,1984,2,Attchd,1054,2,0,GasA
189950,7642,50,7,1426,7,1918,1998,1,Detchd,912,1,0,GasA
131500,11625,190,5,1039,6,1965,1965,2,Attchd,1039,1,0,GasA
152000,9672,20,6,1097,6,1984,1985,2,Attchd,1040,2,0,GasA
132500,7931,20,5,1148,6,1959,1959,1,Attchd,1148,1,0,GasA
250580,8640,20,7,1372,6,2007,2008,2,Attchd,1372,2,0,GasA
148500,8750,20,5,1002,5,1970,1970,2,Detchd,1002,1,0,GasA
248900,10656,20,8,1646,6,2006,2007,3,Attchd,1638,2,0,GasA
129000,6970,20,4,1120,5,1961,1961,2,Attchd,1040,1,0,GasA
169000,14762,60,5,2320,7,1948,1950,2,Attchd,0,2,0,GasA
236000,9938,60,7,1949,8,1993,1994,2,Attchd,1050,2,0,GasA
109500,6600,20,5,894,5,1962,1962,1,Detchd,894,1,0,GasA
200500,8750,60,6,1682,7,1998,1998,2,Attchd,804,2,0,GasA
116000,8892,20,5,910,5,1953,1996,2,Attchd,105,1,0,GasA
133000,12144,40,5,1268,6,1949,1950,1,Attchd,832,1,0,GasA
66500,5720,50,5,1131,5,1941,1950,1,Detchd,676,1,0,GasA
303477,9000,60,8,2610,11,2007,2007,2,BuiltIn,1184,2,0,GasA
132250,25286,20,4,1040,5,1963,1963,2,Attchd,1064,1,0,GasA
350000,8834,60,9,2224,10,2004,2005,3,Attchd,1462,2,0,GasA
148000,11782,85,5,1155,6,1961,1995,2,Detchd,1109,1,0,GasA
136500,7000,20,5,864,6,1978,2005,1,Attchd,864,1,0,GasA
157000,7024,20,5,1090,5,2005,2006,2,Attchd,1090,1,0,GasA
187500,13758,50,7,1717,7,1990,1991,2,Attchd,1156,2,0,GasA
178000,9636,60,6,1593,7,1992,1993,2,BuiltIn,808,2,0,GasA
118500,6204,75,4,2230,10,1912,1950,1,Detchd,795,1,0,GasA
100000,7150,20,5,892,5,1967,1967,1,Attchd,892,1,0,GasA
328900,5119,120,9,1709,5,1999,2000,2,Attchd,1698,2,0,GasA
145000,8393,90,5,1712,8,1959,2005,2,Attchd,1626,2,0,GasA
135500,16466,50,5,1393,8,1955,1955,1,Attchd,816,1,0,GasA
268000,15865,20,8,2217,8,1970,1970,2,Attchd,2217,2,0,GasA
149500,12160,20,6,1505,6,1953,1953,2,Attchd,1505,1,0,GasA
122900,8064,50,5,924,6,1949,2006,2,Detchd,672,1,0,GasA
172500,11184,60,6,1683,7,1978,1978,2,Attchd,918,2,0,GasA
154500,8414,20,6,1068,6,1963,2003,1,Attchd,1059,1,0,GasA
165000,13284,20,5,1383,6,1954,1954,1,Attchd,1383,1,0,GasA
118858,7018,90,5,1535,8,1979,1979,2,Attchd,0,2,0,GasA
140000,7056,60,6,1796,8,1963,1963,2,Attchd,780,1,0,GasA
106500,8765,30,4,951,6,1936,1950,1,Detchd,951,1,0,GasA
142953,7018,90,5,2240,12,1979,1979,2,Detchd,0,2,0,GasA
135000,6993,20,5,1236,6,1961,1994,1,Attchd,912,1,0,GasA
110000,7340,20,4,858,4,1971,1971,1,Detchd,858,1,0,GasA
153000,8712,20,5,1306,5,1957,2000,1,Detchd,992,1,0,GasA
180000,7875,60,7,1509,8,2003,2003,2,Attchd,783,2,0,GasA
240000,14859,20,7,1670,7,2006,2006,3,Attchd,1670,2,0,GasA
125500,6173,20,5,902,6,1967,1967,1,Attchd,876,1,0,GasA
128000,9920,20,5,1063,6,1954,1954,1,Attchd,1056,1,0,GasA
255000,13501,20,8,1636,8,2006,2006,3,Attchd,1623,2,0,GasA
250000,11500,50,7,2057,6,1936,1987,1,Attchd,1017,1,0,GasA
131000,8885,20,5,902,5,1983,1983,2,Attchd,864,1,0,GasA
174000,12589,60,6,1484,8,2005,2005,2,Attchd,742,2,0,GasA
154300,11600,90,5,2274,12,1960,1960,2,Detchd,1105,2,0,GasA
143500,9286,20,5,1268,5,1977,1989,1,Detchd,1268,1,0,GasA
88000,6120,30,5,1015,6,1925,1950,1,Detchd,768,1,0,GasA
145000,6270,90,5,2002,8,1949,1950,3,Other,1001,2,0,GasA
173733,3000,160,6,1224,4,2009,2009,2,Detchd,612,2,0,GasA
75000,2001,160,4,1092,6,1970,1970,1,Attchd,546,1,0,GasA
35311,9000,20,2,480,4,1949,1950,1,Detchd,480,0,0,GasA
135000,17140,20,4,1229,6,1956,1956,1,Attchd,1134,1,0,GasA
238000,13125,60,7,2127,8,1991,1991,3,Attchd,1104,2,0,GasA
176500,11029,20,6,1414,6,1958,2002,2,Attchd,1184,1,0,GasA
201000,8462,60,6,1721,7,1994,1994,2,Attchd,928,2,0,GasA
145900,8777,90,5,2200,9,1900,2003,0,Not Applicable,1272,2,0,GasA
169990,10237,20,6,1316,6,2005,2006,2,Attchd,1316,2,0,GasA
193000,8012,120,6,1617,5,1993,1994,2,Attchd,1604,2,0,GasA
207500,10240,20,6,1686,7,1980,1980,2,Attchd,1686,2,0,GasA
175000,15611,20,5,1126,6,1977,1977,2,Attchd,1126,2,0,GasA
285000,11999,60,8,2374,10,2003,2004,3,BuiltIn,1181,2,0,GasA
176000,9900,60,7,1978,9,1968,1968,2,Attchd,832,2,0,GasA
236500,11838,20,8,1788,7,2001,2001,2,Attchd,1753,2,0,GasA
222000,13006,60,7,2236,8,1997,1997,2,BuiltIn,964,2,0,GasA
201000,8925,20,8,1466,7,2007,2007,3,Attchd,1466,2,0,GasA
117500,9100,20,5,925,5,1965,1965,1,Detchd,925,1,0,GasA
320000,11670,20,9,1905,8,2006,2006,3,Attchd,1905,2,0,GasA
190000,8487,20,7,1500,6,2004,2004,2,Attchd,1500,2,0,GasA
242000,27650,20,7,2069,9,1960,2007,2,Attchd,585,2,0,GasA
79900,5825,30,4,747,5,1926,1953,2,Detchd,600,1,0,GasA
253000,9675,60,7,1971,8,2005,2005,2,Attchd,1113,2,0,GasA
239799,8760,60,7,1962,7,2006,2006,3,Attchd,1391,2,0,GasA
244400,24090,70,7,2403,10,1940,1950,1,Attchd,1032,2,0,GasA
150900,12640,90,6,1728,8,1976,1976,2,Attchd,1728,2,0,GasA
214000,8755,60,7,2060,8,1999,1999,2,BuiltIn,992,2,0,GasA
150000,7711,90,4,1440,8,1977,1977,0,Not Applicable,1440,2,0,GasA
143000,25000,90,5,1632,8,1967,1967,2,Attchd,1632,2,0,GasA
137500,14375,20,6,1344,7,1958,1958,2,Other,819,1,0,GasA
124900,8820,50,5,1869,7,1890,1996,2,Detchd,1088,1,0,GasA
143000,8163,80,5,1144,6,1959,1959,1,Attchd,1144,1,0,GasA
270000,14536,20,8,1629,9,2002,2003,3,Attchd,1616,2,0,GasA
192500,14006,60,7,1776,7,2002,2002,2,Attchd,936,2,0,GasA
197500,9360,20,6,1381,5,1972,2006,2,Attchd,1161,1,0,GasA
129000,7200,20,5,864,5,1950,2002,2,Detchd,864,1,0,GasA
119900,7800,20,5,965,6,1965,1965,1,Detchd,828,1,0,GasA
133900,7200,85,5,768,5,1972,2003,1,Detchd,768,1,0,GasA
172000,11075,60,5,1968,7,1969,1969,2,Attchd,784,2,0,GasA
127500,9400,90,6,980,4,1975,1975,0,Not Applicable,945,2,0,GasA
145000,7136,90,6,1958,8,1946,1950,2,Attchd,979,2,0,GasA
124000,1300,160,6,1229,5,1980,1980,2,Attchd,561,1,0,GasA
132000,7420,20,5,1057,6,1962,1962,2,Detchd,1057,1,0,GasA
185000,8450,20,7,1337,6,2003,2003,2,Attchd,1337,2,0,GasA
155000,2572,160,7,1416,6,1999,1999,2,Detchd,696,2,0,GasA
116500,7207,20,5,858,4,1958,2008,0,Not Applicable,858,1,0,GasA
272000,12227,60,6,2872,11,1977,1995,2,Attchd,1330,2,0,GasA
155000,2308,160,6,1548,7,1976,1976,2,Detchd,804,2,0,GasA
239000,11923,20,9,1800,7,2007,2007,2,Attchd,1800,2,0,GasA
214900,11316,60,7,1894,8,2002,2003,2,BuiltIn,817,2,0,GasA
178900,10237,60,6,1484,8,2005,2007,2,Attchd,783,2,0,GasA
160000,9600,50,5,1308,7,1940,1950,1,Detchd,728,1,0,GasA
135000,7390,20,5,1098,6,1955,1955,1,Attchd,1098,1,0,GasA
37900,5925,50,3,968,6,1910,1950,0,Not Applicable,600,1,0,Grav
140000,10382,190,6,1095,6,1958,1958,1,Attchd,588,1,0,GasA
135000,10800,50,4,1192,6,1949,1950,0,Not Applicable,720,1,0,GasA
173000,2268,160,7,1626,6,2003,2004,2,BuiltIn,764,2,0,GasA
99500,7892,120,6,918,5,1979,1979,1,Attchd,918,2,0,GasA
167500,11414,70,7,2019,8,1910,1993,2,Detchd,728,1,0,GasA
165000,2651,160,7,1382,6,2000,2000,2,Detchd,673,2,0,GasA
85500,5900,30,4,869,4,1923,1958,0,Not Applicable,440,1,0,GasA
110000,9450,20,4,894,5,1954,1954,2,Detchd,894,1,0,GasA
139000,8816,20,5,1121,5,1963,1963,2,Detchd,1121,1,0,GasA
178400,12122,85,7,999,6,1961,2007,2,Attchd,944,1,0,GasA
336000,12203,60,8,2612,8,1998,1999,3,Attchd,1225,2,0,GasA
159895,3182,20,7,1266,6,2007,2007,2,Attchd,1266,2,0,GasA
255900,11250,60,8,2290,9,2002,2002,2,Attchd,1128,2,0,GasA
126000,10125,90,5,1734,8,1977,1977,2,Attchd,0,2,0,GasA
125000,10880,190,5,1164,5,1950,1950,1,Detchd,1164,1,0,GasW
117000,5310,50,6,1635,5,1910,2003,1,Attchd,485,1,0,GasA
395192,10159,20,9,1940,8,2009,2010,3,Attchd,1930,2,0,GasA
195000,12046,60,6,2030,8,1976,1976,2,Attchd,848,2,0,GasA
197000,8125,60,7,1576,6,2006,2006,2,Attchd,770,2,0,GasA
348000,9452,60,8,2392,7,1997,1998,3,Attchd,1396,2,0,GasA
168000,17671,70,8,1742,8,1882,1986,2,Attchd,916,1,0,GasA
187000,9760,60,6,1851,7,1964,1993,2,Attchd,822,2,0,GasA
173900,8846,60,6,1500,6,2005,2006,2,Attchd,750,2,0,GasA
337500,12456,20,10,1718,7,2006,2007,3,Attchd,1700,2,0,GasA
121600,4712,50,4,1230,5,1946,1950,1,Detchd,747,1,0,GasA
136500,10659,20,5,1050,6,1961,1961,1,Attchd,1050,1,0,GasA
185000,11717,20,6,1442,6,1970,1970,2,Attchd,1442,2,0,GasA
91000,9786,30,3,1077,6,1922,1950,1,Detchd,1007,1,0,GasA
206000,6762,20,7,1208,6,2006,2006,2,Attchd,1187,2,0,GasA
82000,10206,20,3,944,4,1952,1952,2,Detchd,0,1,0,GasW
86000,5400,30,5,691,4,1920,1950,1,Detchd,691,1,0,GasA
232000,11957,20,8,1574,7,2006,2006,3,Attchd,1574,2,0,GasA
136905,11500,90,5,1680,8,1976,1976,2,Detchd,1680,2,0,GasA
181000,3182,120,7,1504,7,2005,2006,2,Attchd,1346,2,0,GasA
149900,8385,80,5,985,6,1977,1977,1,Attchd,985,2,0,GasA
163500,12155,20,6,1657,7,1970,1970,2,Attchd,1657,2,0,GasA
88000,2217,160,4,1092,6,1970,1970,1,Attchd,546,1,0,GasA
240000,12118,20,7,1710,7,2004,2005,2,Attchd,1710,2,0,GasA
102000,6000,50,5,1522,7,1926,1950,0,Not Applicable,1008,2,0,GasA
135000,21286,50,5,1271,7,1948,1950,1,Attchd,720,2,0,GasA
100000,9825,90,5,1664,8,1965,1965,0,Not Applicable,0,2,0,GasA
165000,10592,70,6,1502,7,1923,1996,1,Detchd,602,1,0,GasA
85000,7200,30,5,1022,4,1910,2006,1,Detchd,1022,1,0,GasW
119200,11664,20,6,1082,5,1948,1950,1,Detchd,1082,1,0,GasA
227000,8400,60,8,1665,6,2001,2001,2,Attchd,810,2,0,GasA
203000,11883,20,7,1504,6,1996,1996,2,Attchd,1504,2,0,GasA
187500,5814,120,8,1360,4,1984,1984,2,Attchd,1220,1,0,GasA
160000,10784,80,7,1472,7,1991,1992,2,Attchd,384,2,0,GasA
213490,3013,120,7,1506,6,2005,2005,2,Attchd,1362,2,0,GasA
176000,7024,20,4,1132,5,2005,2005,2,Attchd,1132,1,0,GasA
194000,7406,20,7,1220,6,2006,2006,2,Attchd,1199,2,0,GasA
87000,9439,50,5,1248,6,1930,1950,1,Detchd,912,1,0,GasA
191000,3182,120,7,1504,7,2005,2006,2,Attchd,1346,2,0,GasA
287000,15498,20,8,2898,10,1976,1976,2,Attchd,1565,2,0,GasA
112500,7700,20,5,882,5,1972,1972,2,Detchd,882,1,0,GasA
167500,9300,20,5,1264,6,1960,1960,2,Attchd,1268,1,0,GasA
293077,9520,20,8,1646,7,2007,2008,3,Attchd,1638,2,0,GasA
105000,9492,50,5,1376,6,1941,1950,1,Attchd,768,1,0,GasA
118000,1680,160,6,1218,7,1972,1972,1,Detchd,672,1,0,GasA
160000,7082,190,5,1928,10,1916,1995,0,Not Applicable,686,2,0,GasA
197000,15863,75,7,3082,12,1920,1970,2,Other,824,2,0,GasA
310000,14541,60,8,2520,10,1993,1993,3,Attchd,1338,2,0,GasA
230000,8125,20,7,1654,6,2002,2002,3,Attchd,1654,2,0,GasA
119750,6305,30,5,954,5,1938,1950,1,Other,920,1,0,GasA
84000,11500,20,4,845,5,1957,1957,1,Detchd,0,1,0,GasA
315500,12898,20,9,1620,6,2007,2008,3,Attchd,1620,2,0,GasA
287000,9240,60,8,2263,7,2001,2002,2,BuiltIn,1055,2,0,GasA
97000,1533,160,4,1344,6,1970,2008,0,Not Applicable,546,1,0,GasA
80000,1477,180,4,630,3,1970,1970,1,Attchd,630,1,0,GasA
155000,13125,20,5,1803,8,1957,2000,2,Attchd,1134,2,0,GasA
173000,9130,60,6,1632,7,1966,2000,2,Attchd,800,1,0,GasA
196000,5381,120,6,1306,5,2005,2005,2,Attchd,1306,2,0,GasA
262280,11839,60,7,2329,10,1990,1990,2,Attchd,1475,2,0,GasA
278000,9600,20,8,2524,9,1981,1981,2,Attchd,2524,2,0,GasA
139600,13680,20,3,1733,8,1955,1955,2,Attchd,0,2,0,GasA
145000,9245,20,5,990,5,1994,1995,2,Detchd,990,1,0,GasA
115000,21750,20,5,1771,9,1960,2006,2,Attchd,0,1,0,GasA
84900,11100,20,4,930,6,1946,2006,1,Detchd,0,1,0,GasA
176485,8993,20,7,1302,6,2007,2007,2,Attchd,1302,2,0,GasA
200141,11175,20,7,1316,6,2007,2007,2,Attchd,1316,2,0,GasA
165000,9500,60,6,1977,9,1964,1978,2,Attchd,816,1,0,GasA
144500,8562,20,5,1526,7,1957,2002,1,Other,1216,1,0,GasA
255000,11367,60,8,1989,7,2002,2002,2,Attchd,1065,2,0,GasA
180000,11361,20,6,1523,7,1976,1976,2,Attchd,1193,2,0,GasA
185850,7052,120,7,1364,6,2005,2005,2,Attchd,1364,2,0,GasA
248000,29959,60,7,1850,7,1994,1994,2,BuiltIn,973,2,0,GasA
335000,11308,60,9,2184,10,2008,2008,3,Attchd,1104,2,0,GasA
220000,11275,50,6,1991,7,1932,1950,2,Detchd,854,1,0,GasA
213500,4920,120,8,1338,6,2001,2001,2,Attchd,1338,2,0,GasA
81000,18000,30,3,894,6,1935,1950,3,Detchd,894,1,0,GasA
90000,13600,190,5,2337,10,1900,1950,2,Detchd,662,2,0,GasA
110500,6000,30,6,1103,5,1925,1980,2,Detchd,1103,1,0,GasA
154000,11000,20,5,1154,6,1966,1966,2,Attchd,1154,1,0,GasA
328000,14000,60,7,2260,7,1996,1997,2,Attchd,1306,2,0,GasA
178000,7837,60,6,1571,7,1993,1994,2,Attchd,799,2,0,GasA
167900,9760,60,6,1611,7,1964,1964,2,Attchd,780,1,0,GasA
151400,3964,160,6,2521,10,1973,1973,2,Attchd,942,2,0,GasA
135000,9600,45,5,893,4,1949,2003,2,Detchd,845,1,0,GasA
135000,10152,20,5,1048,6,1956,1956,1,Attchd,1048,1,0,GasA
154000,11700,60,6,1556,8,1968,1968,2,Attchd,727,1,0,GasA
91500,7585,50,5,1456,7,1948,1950,1,Detchd,810,1,0,GasA
159500,7950,60,6,1426,6,1977,1977,2,Attchd,690,1,0,GasA
194000,8556,20,7,1240,5,2006,2006,3,Attchd,1240,2,0,GasA
219500,13125,70,7,1740,6,1940,1984,1,Attchd,800,1,0,GasA
170000,10800,50,5,1466,7,1936,1989,2,Attchd,796,2,0,GasA
138800,15870,20,5,1096,6,1969,1969,1,Attchd,1096,1,0,GasA
155900,4435,120,6,848,3,2004,2004,2,Attchd,848,1,0,GasA
126000,8775,20,5,990,5,1994,1994,1,Attchd,990,1,0,GasA
145000,11040,20,6,1258,5,1971,2004,2,Attchd,1258,2,0,GasA
133000,7500,20,5,1040,5,1963,1963,1,Attchd,1040,1,0,GasA
192000,8749,20,7,1459,6,2002,2002,2,Attchd,1459,2,0,GasA
160000,8800,20,6,1251,6,1964,1964,1,Attchd,1251,1,0,GasA
187500,13031,60,6,1498,6,1995,1996,2,Attchd,691,2,0,GasA
147000,9069,85,6,996,5,1992,1992,2,Attchd,936,1,0,GasA
83500,1974,160,4,1092,6,1973,1973,1,Attchd,546,1,0,GasA
252000,10574,60,8,1953,9,2005,2006,3,Attchd,1082,2,0,GasA
137500,2522,160,7,1709,7,2004,2004,2,Detchd,970,2,0,GasA
197000,3316,120,8,1247,4,2005,2005,2,Attchd,1247,1,0,GasA
92900,8544,90,3,1040,6,1950,1950,2,Detchd,0,2,0,Wall
160000,2160,160,7,1252,4,1999,2000,2,Detchd,600,2,0,GasA
136500,8400,50,6,1694,7,1925,1950,2,Detchd,1181,2,0,GasA
146000,9230,20,5,1200,6,1965,1998,2,Detchd,864,1,0,GasA
129000,5868,20,5,936,4,1956,2000,1,Attchd,936,1,0,GasA
176432,9317,20,6,1314,6,2006,2006,2,Attchd,1314,2,0,GasA
127000,6882,70,6,1355,7,1914,2006,0,Not Applicable,684,1,0,GasA
170000,3696,120,8,1088,5,1986,1986,2,Attchd,1074,1,0,GasA
128000,6000,50,4,1324,6,1936,1950,1,Detchd,672,1,0,GasA
157000,11880,20,7,1601,7,1978,1978,2,Attchd,1271,2,0,GasA
60000,8400,30,2,438,3,1920,1950,1,Detchd,290,1,0,GasA
119500,9758,20,5,950,5,1971,1971,1,Detchd,950,1,0,GasA
135000,7000,20,5,1134,6,1960,2002,1,Attchd,1010,1,0,GasA
159500,8910,20,6,1194,6,1959,1959,2,BuiltIn,655,1,0,GasA
106000,2016,160,5,1302,6,1970,1970,2,Detchd,630,2,0,GasA
325000,12256,60,8,2622,9,1994,1995,2,Attchd,1463,2,0,GasA
179900,10357,20,7,1442,6,1990,1991,2,Attchd,910,2,0,GasA
274725,23257,60,7,2021,9,2006,2006,2,BuiltIn,868,2,0,GasA
181000,8063,60,6,1690,7,2000,2000,2,Attchd,924,2,0,GasA
280000,11362,20,8,1836,7,2004,2005,3,Attchd,1836,2,0,GasA
188000,8000,60,6,1658,8,1995,1996,2,Attchd,773,2,0,GasA
205000,10480,60,7,1964,8,1976,1976,2,Attchd,803,2,0,GasA
129900,7100,20,5,816,5,1957,1957,1,Detchd,816,1,0,GasA
134500,8923,20,5,1008,6,1953,2006,1,Attchd,1008,1,0,GasA
117000,5400,20,5,833,4,1954,2000,1,Detchd,833,1,0,GasA
318000,12085,20,8,1734,7,2007,2007,3,Attchd,1734,2,0,GasA
184100,7750,80,8,1419,7,2002,2002,2,BuiltIn,408,2,0,GasA
130000,9764,20,5,894,5,1967,2003,2,Attchd,894,1,0,GasA
140000,13825,80,5,1601,6,1958,1987,1,BuiltIn,533,1,0,GasA
133700,7560,20,5,1040,6,1959,1959,1,Attchd,1040,1,0,GasA
118400,8263,30,6,1012,6,1920,1950,1,Detchd,1012,1,0,GasA
212900,10084,20,7,1552,7,2005,2006,3,Attchd,1552,2,0,GasA
112000,8926,20,4,960,5,1956,1956,1,Other,672,1,0,GasA
118000,9405,20,5,698,4,1947,2008,0,Not Applicable,698,1,0,GasA
163900,9125,80,7,1482,7,1992,1992,2,Attchd,384,2,0,GasA
115000,10434,20,4,1005,5,1955,1955,2,Detchd,1005,1,0,GasA
174000,3684,120,7,1555,7,2007,2007,3,Attchd,1373,2,0,GasA
259000,14572,20,7,1530,7,2004,2004,3,Attchd,1530,2,0,GasA
215000,11796,60,7,1959,8,2004,2005,2,BuiltIn,847,2,0,GasA
140000,7200,90,5,936,4,1980,1980,2,Detchd,936,1,0,GasA
135000,7804,50,4,1981,7,1928,1950,2,Detchd,1122,2,0,GasA
93500,10712,20,5,974,5,1991,1992,0,Not Applicable,974,1,0,GasA
117500,9900,70,6,2210,8,1880,1950,1,Detchd,1008,2,0,GasW
239500,9828,60,8,2020,8,1995,1995,2,Attchd,1128,2,0,GasA
169000,8773,60,6,1600,7,1997,1997,2,Attchd,916,2,0,GasA
102000,6180,30,6,986,5,1926,1950,1,Detchd,960,1,0,GasA
119000,9600,50,6,1252,6,1950,1950,1,Attchd,1032,1,0,GasA
94000,6342,50,5,1020,6,1875,1996,0,Not Applicable,780,1,0,GasA
196000,9819,20,6,1567,5,1977,1977,2,Attchd,1567,2,0,GasA
144000,8731,30,5,1167,6,1920,1950,2,Detchd,915,1,0,GasA
139000,7350,20,5,952,4,1951,1951,2,Detchd,952,1,0,GasA
197500,10304,60,5,1868,9,1976,1976,2,Attchd,780,2,0,GasA
80000,9000,20,5,1006,5,1959,1959,0,Not Applicable,1006,1,0,GasA
80000,12180,190,4,924,5,1941,1950,1,Detchd,672,1,0,Grav
149000,6240,50,5,1576,8,1928,1950,1,Detchd,1042,1,0,GasA
180000,11200,20,6,1298,5,1985,1985,2,Attchd,1298,2,0,GasA
174500,12000,70,7,1564,7,1941,1950,1,Attchd,704,1,0,GasA
116900,5700,50,7,1111,5,1926,1950,1,Detchd,572,1,0,GasA
143000,9000,70,7,1482,7,1920,1988,2,Detchd,650,1,0,GasA
124000,8280,20,6,932,4,1950,1950,1,Attchd,932,1,0,GasA
149900,17755,20,5,1466,6,1959,1959,2,Attchd,1466,1,0,GasA
230000,14115,20,6,1811,6,1956,2004,2,Attchd,1073,1,0,GasA
120500,5890,30,6,816,5,1930,2007,1,Detchd,816,1,0,GasA
201800,13700,60,7,1820,8,1965,1988,2,Attchd,864,1,0,GasA
218000,10768,20,5,1437,6,1976,2004,2,Attchd,1437,2,0,GasA
179900,9350,80,5,1265,6,1965,1999,2,Attchd,1219,2,0,GasA
230000,5001,120,7,1314,6,2007,2008,2,Attchd,1314,2,0,GasA
235128,11932,20,8,1580,7,2007,2008,3,Attchd,1580,2,0,GasA
185000,9120,60,6,1876,8,1974,1974,2,Attchd,901,2,0,GasA
146000,2280,160,6,1456,7,1978,1978,2,Attchd,855,2,0,GasA
224000,14778,20,6,1640,7,1954,2006,2,Detchd,1296,1,0,GasA
129000,8724,20,5,894,5,1968,1968,2,Attchd,894,1,0,GasA
108959,12900,90,4,1258,6,1969,1969,2,Other,1198,0,0,GasA
194000,16157,80,5,1432,5,1978,1978,2,Attchd,1360,1,0,GasA
233170,9541,20,7,1502,7,2009,2009,2,Attchd,1502,2,0,GasA
245350,10475,20,8,1694,7,2008,2008,3,Attchd,1694,2,0,GasA
173000,10852,60,6,1671,7,2000,2000,2,Attchd,959,2,0,GasA
235000,13728,70,6,2108,7,1935,1986,2,Other,1127,2,0,GasA
171000,9880,80,6,1118,6,1977,1977,1,Attchd,1096,1,576,GasA
163000,9120,20,6,1261,6,1958,1958,2,Attchd,1261,1,0,GasA
171900,4017,160,7,1250,5,2006,2007,2,Detchd,625,2,0,GasA
200500,18030,50,5,3086,12,1946,1994,0,Not Applicable,1598,3,0,GasA
239000,16560,70,6,2345,9,1932,1950,2,Detchd,952,2,0,GasA
285000,10678,50,8,2872,9,1992,2000,2,Attchd,1683,2,0,GasA
119500,6951,20,5,923,5,1984,1985,1,Attchd,876,1,0,GasA
115000,3950,50,6,1224,5,1926,2004,1,Detchd,818,1,0,GasA
154900,7681,50,5,1343,7,1921,1950,1,Detchd,731,1,0,GasA
93000,8335,20,5,1124,5,1954,1954,0,Not Applicable,0,1,0,GasA
250000,11170,60,7,2514,8,1990,1991,2,Attchd,1216,2,0,GasA
392500,5587,120,8,1652,5,2008,2008,2,Attchd,1600,2,0,GasA
120000,10800,30,5,1130,5,1920,1950,2,Detchd,1120,1,0,GasA
186700,35133,20,5,1572,5,1963,1963,3,Other,1572,1,0,GasA
104900,9738,50,5,1221,7,1924,1950,1,Attchd,784,1,0,GasA
95000,10615,190,3,1699,7,1900,1970,2,Other,978,2,0,GasA
262000,12461,20,8,1624,5,1994,1995,3,Attchd,1624,2,0,GasA
195000,8935,60,7,1660,7,2002,2002,2,Attchd,831,2,0,GasA
189000,7500,60,7,1804,7,1999,1999,2,Attchd,994,2,0,GasA
168000,32463,190,4,1622,7,1961,1975,4,Other,1249,1,0,GasA
174000,2645,160,8,1441,5,1999,2000,2,Detchd,776,2,0,GasA
125000,9600,50,5,1472,6,1925,1994,1,Detchd,702,1,0,GasA
165000,4500,120,6,1224,5,1999,1999,2,Attchd,1224,2,0,GasA
158000,9364,60,6,1352,7,1969,1969,1,Attchd,663,1,0,GasA
176000,8029,60,6,1456,8,2005,2005,2,Attchd,728,2,0,GasA
219210,14054,60,7,1863,9,2006,2006,3,BuiltIn,879,2,0,GasA
144000,8850,75,7,1690,7,1916,1950,1,Detchd,815,1,0,GasA
178000,9100,20,7,1212,6,2001,2001,2,Attchd,1212,2,0,GasA
148000,11235,20,4,1382,6,1963,1979,2,Attchd,1051,1,0,GasA
116050,9353,20,4,864,5,1970,1970,1,Attchd,864,1,0,GasA
197900,10400,60,7,1779,6,1998,1998,2,Attchd,866,2,0,GasA
117000,6000,50,5,1348,5,1925,1997,1,Detchd,884,1,0,GasA
213000,9750,20,7,1630,6,2000,2001,2,Attchd,1630,2,0,GasA
153500,10140,20,5,1074,6,1975,1975,2,Attchd,1056,1,0,GasA
271900,14684,20,7,2196,7,1990,1991,3,Attchd,2158,2,0,GasA
107000,8900,20,4,1056,5,1966,1966,1,Detchd,1056,1,0,GasA
200000,9135,20,6,1700,7,2003,2003,2,Attchd,1682,2,0,GasA
140000,7763,20,5,1283,6,1962,1980,2,Detchd,931,1,0,GasA
290000,10182,20,8,1660,8,2006,2006,2,Attchd,1660,2,0,GasA
189000,11218,60,6,1845,8,1992,1992,2,Attchd,1055,2,0,GasA
164000,12134,50,8,1752,8,1988,2005,2,Other,559,2,0,GasA
113000,9340,30,4,672,4,1941,1950,1,Attchd,672,1,0,GasA
145000,10246,80,4,960,3,1965,2001,1,Attchd,648,0,0,GasA
134500,10205,85,5,999,6,1962,1962,1,Attchd,925,1,0,GasA
125000,7094,20,5,894,5,1966,1966,1,Detchd,894,1,0,GasA
112000,8930,90,6,1902,8,1978,1978,2,Attchd,0,2,0,GasA
229456,8640,20,8,1314,6,2009,2009,2,Attchd,1300,2,0,GasA
80500,6240,50,4,912,3,1947,1950,0,Not Applicable,0,1,0,GasA
91500,1680,160,6,1218,7,1971,1971,0,Not Applicable,672,1,0,GasA
115000,7800,20,5,912,5,1964,1964,1,Attchd,912,1,0,GasA
134000,8250,20,5,1211,5,1968,1968,1,Attchd,952,1,0,GasA
143000,10496,50,6,1846,7,1949,1950,1,Attchd,1040,2,0,GasA
137900,10680,20,5,2136,7,1951,1951,2,Detchd,2136,2,0,GasA
184000,15384,60,7,1490,8,2004,2005,2,Attchd,788,2,0,GasA
145000,10482,80,6,1138,6,1958,1958,1,Attchd,588,1,0,GasA
214000,14598,60,6,1933,9,2007,2007,3,BuiltIn,894,2,0,GasA
147000,8872,20,5,912,5,1965,2008,2,Detchd,912,1,0,GasA
367294,8769,120,9,1702,7,2008,2008,3,Attchd,1702,1,0,GasA
127000,7910,80,5,1507,7,1960,1960,1,Other,1075,2,0,GasA
190000,18890,90,5,2620,12,1977,1977,2,BuiltIn,1361,2,0,GasA
132500,7728,90,5,1190,6,1962,1962,2,Attchd,1106,1,0,GasA
101800,9842,90,4,1224,6,1962,1962,2,Other,0,2,0,GasA
142000,12160,20,5,1188,6,1959,1959,2,Attchd,1188,1,0,GasA
130000,8525,70,5,1964,7,1911,1950,0,Not Applicable,940,1,0,GasA
138887,13132,70,5,1784,9,1914,1950,1,Detchd,747,1,0,GasA
175500,2628,160,7,1626,6,2003,2003,2,BuiltIn,764,2,0,GasA
195000,12393,60,7,1948,8,2004,2005,2,BuiltIn,847,2,0,GasA
142500,13072,20,6,1141,6,2005,2005,2,Detchd,1141,1,0,GasA
265900,9037,20,8,1484,6,2006,2006,2,Attchd,1476,2,0,GasA
224900,8158,60,7,1768,8,2003,2003,2,Attchd,884,2,0,GasA
248328,9849,20,7,1689,7,2007,2007,3,Attchd,1689,2,0,GasA
170000,10625,85,7,1173,6,1974,1974,2,Attchd,1053,2,0,GasA
230000,11435,70,8,1517,7,1929,1950,2,Detchd,792,1,0,GasA
178000,12090,80,6,1868,7,1984,2003,2,BuiltIn,585,3,0,GasA
186500,8125,60,7,1553,6,2005,2006,2,Attchd,756,2,0,GasA
169900,12328,80,6,1034,6,1976,1976,3,Attchd,1012,1,0,GasA
129500,9600,75,6,2058,8,1917,1950,2,Detchd,735,1,0,OthW
119000,7200,20,5,988,6,1950,1950,1,Attchd,876,1,0,GasA
244000,11160,20,7,2110,8,1968,1968,2,Attchd,2110,2,0,GasA
171750,3136,120,7,1405,6,2003,2003,2,Attchd,1405,2,0,GasA
130000,9858,20,5,874,5,1968,1968,1,Attchd,864,1,0,GasA
294000,17542,60,7,2167,9,1974,2003,2,Attchd,1192,2,0,GasA
165400,6931,60,7,1656,7,2003,2004,2,BuiltIn,746,2,0,GasA
127500,6240,50,6,1367,6,1931,1950,1,Detchd,884,1,0,GasA
301500,14303,20,8,1987,7,1994,1994,2,Attchd,1986,2,0,GasA
99900,4060,30,5,864,4,1922,1950,0,Not Applicable,864,1,0,GasA
190000,9587,80,7,1166,5,2005,2005,2,Attchd,856,2,0,GasA
151000,9750,20,6,1054,6,1969,1969,2,Attchd,1054,1,0,GasA
181000,24682,60,6,1675,7,1999,1999,2,BuiltIn,841,2,0,GasA
128900,9600,20,5,1050,5,1956,1956,1,Attchd,1050,1,0,GasA
161500,11250,50,4,1788,8,1957,1989,1,Attchd,1104,1,0,GasA
180500,13515,70,6,1824,8,1919,1950,2,Detchd,764,1,0,GasA
181000,4060,120,6,1337,5,1998,1999,2,Attchd,1405,2,0,GasA
183900,3735,160,7,1452,6,1999,1999,2,Detchd,691,2,0,GasA
122000,10120,190,7,1889,9,1910,1950,1,Detchd,925,1,0,GasA
378500,13214,20,9,2018,10,2008,2009,3,Attchd,2002,2,0,GasA
381000,14100,50,8,3447,11,1935,1997,3,BuiltIn,728,3,0,GasA
144000,11344,50,5,1524,7,1958,1958,1,Attchd,874,1,0,GasW
260000,23595,40,7,1524,4,1979,1979,2,Attchd,1332,0,0,GasA
185750,9156,20,6,1489,7,1968,1968,2,Attchd,1489,2,0,GasA
137000,13526,20,5,935,5,1965,1965,1,Attchd,935,1,0,GasA
177000,11512,80,6,1357,5,1959,2006,1,Other,1019,1,0,GasA
139000,5362,50,5,1250,8,1910,2003,2,Detchd,661,2,0,GasA
137000,11345,90,5,1920,10,1948,1950,2,Detchd,928,2,0,GasA
162000,12936,60,6,1395,6,1972,1972,2,Attchd,723,1,0,GasA
197900,17871,80,6,1724,7,1967,1976,2,Attchd,1680,1,0,GasA
68400,7500,50,4,1128,6,1920,1950,2,Detchd,698,1,0,GasA
227000,9808,20,7,1573,6,2002,2002,2,Attchd,1573,2,0,GasA
180000,8049,20,7,1339,6,1990,1990,2,Attchd,1309,2,0,GasA
150500,8800,20,5,1040,5,1977,2008,2,Detchd,1040,2,0,GasA
139000,9400,90,6,1824,8,1971,1971,0,Not Applicable,912,2,0,GasA
169000,9638,50,6,2447,10,1919,1990,1,Detchd,804,2,0,GasA
132500,6000,50,6,1412,6,1939,1950,1,Detchd,780,1,0,GasA
143000,9790,20,6,1328,6,1963,1963,2,Attchd,1328,1,0,GasA
190000,36500,20,5,1582,7,1964,1964,2,Attchd,1624,2,0,GasA
278000,5664,120,8,1659,5,2000,2000,2,Attchd,1501,2,0,GasA
281000,11065,60,8,1970,8,2006,2006,3,BuiltIn,1085,2,0,GasA
180500,14112,80,5,1152,6,1964,1964,2,Attchd,1152,1,0,GasA
119500,1680,160,5,1302,6,1972,1972,1,Detchd,630,2,0,GasA
107500,6600,70,5,2372,11,1892,1965,1,Attchd,994,2,0,GasA
162900,10140,60,7,1664,8,1976,1976,2,Attchd,832,2,0,GasA
115000,8172,20,5,864,5,1955,1990,2,Detchd,864,1,0,GasA
138500,8400,20,5,1052,5,1968,1968,1,Attchd,1052,1,0,GasA
155000,8700,20,5,1128,6,1963,1963,2,Attchd,1120,2,0,GasA
140000,3675,180,6,1072,5,2005,2006,2,Other,547,2,0,GasA
154000,7500,20,5,1246,6,1959,1994,1,Attchd,1246,1,0,GasA
225000,10762,60,7,1983,9,1999,1999,2,Attchd,978,2,0,GasA
177500,7500,70,6,1494,7,1942,1950,1,Attchd,771,1,0,GasA
290000,10120,60,8,2526,8,1994,1994,3,Attchd,1165,2,0,GasA
232000,8688,20,7,1616,7,2005,2005,3,Attchd,1616,2,0,GasA
130000,3363,160,7,1708,7,2004,2004,2,Detchd,976,2,0,GasA
325000,13173,20,9,1652,6,2006,2007,2,Attchd,1652,2,0,GasA
202500,6955,120,7,1368,6,2005,2006,2,Attchd,1368,2,0,GasA
138000,8072,20,5,990,5,1994,1995,2,Detchd,990,1,0,GasA
147000,12000,20,5,1122,6,1948,2005,2,Attchd,924,1,0,GasA
179200,7153,20,6,1294,6,1991,1991,2,Attchd,1278,2,0,GasA
335000,17500,20,7,1902,7,1959,2002,2,Attchd,1902,2,0,GasA
203000,8814,20,7,1274,6,2005,2007,2,Attchd,1274,2,0,GasA
302000,9572,60,8,2810,9,1990,1990,2,Attchd,1453,2,0,GasA
333168,14774,60,9,2599,10,1999,1999,3,BuiltIn,1393,2,0,GasA
119000,8190,20,4,948,5,1954,1954,1,Detchd,948,1,0,GasA
206900,11075,60,6,2112,9,1969,1969,2,Attchd,952,2,0,GasA
295493,10226,20,8,1630,8,2008,2008,3,Attchd,1622,2,0,GasA
208900,4230,120,7,1352,5,2006,2007,2,Attchd,1352,2,0,GasA
275000,14781,20,8,1787,7,2001,2002,3,Attchd,1753,2,0,GasA
111000,10215,20,4,948,5,1954,1954,1,Attchd,864,1,0,GasA
156500,8400,20,6,1478,6,1957,1957,2,Attchd,1478,1,0,GasA
72500,6627,20,3,720,4,1949,1950,1,Detchd,0,1,0,Floor
190000,10186,60,7,1923,8,1992,1992,2,Attchd,750,2,0,GasA
82500,5330,30,4,708,5,1940,1950,0,Not Applicable,420,1,0,GasA
147000,9986,20,8,1795,7,2006,2007,3,Attchd,1795,2,0,GasA
55000,3636,30,4,796,5,1922,1950,0,Not Applicable,796,1,0,GasA
79000,4270,30,3,774,6,1931,2006,0,Not Applicable,544,1,0,GasA
130500,6600,20,5,816,5,1982,2008,1,Attchd,816,1,0,GasA
256000,10440,50,6,2792,8,1920,1950,2,Detchd,1510,2,0,GasW
176500,9084,60,7,1632,8,1998,1998,2,Attchd,935,2,0,GasA
227000,10000,20,8,1588,7,2006,2006,3,Attchd,1588,2,0,GasA
132500,10780,80,5,954,6,1976,1976,2,Detchd,911,1,0,GasA
100000,8877,20,4,816,3,1938,1958,1,Detchd,816,1,0,GasA
125500,7200,50,5,1360,6,1938,1995,1,Detchd,803,1,0,GasA
125000,2368,160,5,1365,7,1970,1970,2,Attchd,765,1,0,GasA
167900,9650,20,6,1334,6,1977,1977,2,Attchd,1350,2,0,GasA
135000,9246,90,5,1656,8,1973,1973,2,Detchd,1656,2,0,GasA
52500,4118,30,4,693,4,1941,1950,0,Not Applicable,693,1,0,Grav
200000,13450,60,7,1861,8,2002,2002,2,BuiltIn,916,2,0,GasA
128500,9560,20,5,864,5,1972,1972,1,Attchd,864,1,0,GasA
123000,8294,20,4,872,5,1971,1971,4,Detchd,858,1,0,GasA
155000,13695,20,6,1114,6,2003,2004,2,Detchd,1114,1,0,GasA
228500,9375,60,8,2169,7,2002,2002,2,Attchd,1284,2,0,GasA
177000,7558,50,6,1913,9,1928,1950,2,Detchd,896,1,0,GasA
155835,11103,60,7,1456,8,2006,2006,2,Attchd,728,2,0,GasA
108500,6000,30,4,960,5,1920,1950,1,Detchd,960,1,0,GasA
262500,20781,20,7,2156,9,1968,2003,2,Attchd,1568,2,0,GasA
283463,15306,20,8,1776,7,2006,2007,3,Attchd,1732,2,0,GasA
215000,16196,20,7,1494,5,1998,1998,2,Attchd,1482,2,0,GasA
122000,5250,70,8,2358,8,1872,1987,0,Not Applicable,684,2,0,OthW
200000,11643,90,5,2634,12,1969,1969,4,Detchd,1248,2,0,GasA
171000,9247,60,6,1716,8,1962,1962,2,Attchd,858,1,0,GasA
134900,6000,50,6,1176,4,1937,2000,2,Detchd,698,1,0,GasA
410000,14720,50,8,3238,9,1995,1996,3,Attchd,2033,2,0,GasA
235000,10316,60,7,1865,7,2000,2000,3,Attchd,992,2,0,GasA
170000,10192,80,7,1920,8,1968,1992,2,Attchd,570,3,0,GasA
110000,9477,20,5,892,5,1966,1966,1,Attchd,864,1,0,GasA
149900,12537,20,5,1078,6,1971,2008,2,Attchd,1078,1,0,GasA
177500,2117,160,6,1573,5,2000,2000,2,Detchd,756,2,0,GasA
315000,16737,20,9,1980,8,2004,2005,3,Attchd,1980,2,0,GasA
189000,9842,70,5,2601,8,1921,1998,2,BuiltIn,612,3,0,GasA
260000,16158,20,7,1530,7,2005,2005,2,Attchd,1530,2,0,GasA
104900,12513,50,4,1738,7,1920,2007,1,Attchd,715,2,0,GasA
156932,8499,60,6,1412,6,2006,2007,2,BuiltIn,616,2,0,GasA
144152,3180,160,7,1200,4,2005,2005,2,Detchd,600,2,0,GasA
216000,7500,60,7,1674,7,2000,2000,2,Attchd,814,2,0,GasA
193000,9179,60,7,1790,7,1999,1999,2,Attchd,873,2,0,GasA
127000,2665,160,5,1475,6,1977,1977,1,Attchd,757,2,0,GasA
144000,4435,120,6,848,4,2003,2004,2,Attchd,848,1,0,GasA
232000,10635,20,8,1668,8,2003,2003,2,Attchd,1657,2,0,GasA
105000,5400,50,4,1374,6,1920,1950,1,Detchd,840,1,0,GasA
165500,9600,80,6,1661,8,1955,1996,1,BuiltIn,992,1,0,GasA
274300,9750,60,7,2097,8,1998,1998,2,Detchd,1108,2,0,GasA
250000,10625,60,7,1958,9,2005,2005,3,Attchd,1026,2,0,GasA
239000,10991,20,8,1571,7,2007,2007,3,Attchd,1571,2,0,GasA
91000,6292,30,6,790,4,1930,1950,1,Detchd,768,1,0,GasA
117000,10998,50,5,1604,6,1941,1960,2,Detchd,984,2,0,GasA
83000,1953,160,6,987,5,1973,1973,1,Detchd,483,1,0,GasA
58500,8212,30,3,864,5,1914,1950,1,Detchd,864,1,0,GasA
237500,12925,20,6,2117,7,1970,1970,2,Attchd,1205,2,0,GasA
157000,7200,70,7,1762,8,1920,1950,2,Detchd,596,1,0,GasA
112000,25339,30,5,1416,7,1918,2007,2,Attchd,816,2,0,GasA
105000,9060,50,6,1258,6,1939,1950,1,Detchd,560,1,0,GasA
125500,5436,50,4,1154,7,1922,2007,1,Detchd,796,1,0,GasA
250000,16692,60,7,2784,12,1978,1978,2,Attchd,1392,3,519,GasA
136000,8520,50,6,2526,10,1916,1950,1,Detchd,714,2,0,GasW
377500,14892,20,9,1746,7,2006,2007,3,Attchd,1746,2,0,GasA
131000,6000,50,6,1218,6,1941,1950,2,Detchd,735,1,0,GasA
235000,9100,20,7,1525,6,2000,2000,2,Attchd,1525,2,0,GasA
124000,8944,90,5,1584,8,1967,1967,3,Detchd,1584,2,0,GasA
123000,7838,85,5,900,6,1967,1967,1,Attchd,864,1,0,GasA
163000,10800,190,6,1912,7,1905,2000,2,Detchd,482,2,0,GasA
246578,4045,120,7,1500,6,2006,2006,3,Attchd,1356,2,0,GasA
281213,12665,60,8,2482,9,2005,2006,3,BuiltIn,1094,2,0,GasA
137500,6120,70,5,1513,8,1920,2004,1,Detchd,939,1,0,GasA
138000,7200,50,5,1904,7,1950,1982,1,Attchd,1208,1,0,GasA
137450,6171,50,6,1608,7,1925,1990,1,Detchd,976,2,0,GasA
120000,6000,50,6,1158,5,1929,1950,1,BuiltIn,862,1,0,GasA
193000,7415,60,6,1593,8,2004,2004,2,Attchd,839,2,0,GasA
193879,6762,20,7,1294,6,2006,2006,2,Attchd,1286,2,0,GasA
282922,15256,20,8,1464,6,2007,2007,3,Attchd,1485,2,0,GasA
105000,10410,50,3,1214,6,1915,1950,3,Detchd,672,1,0,GasA
275000,3842,120,8,1646,5,2004,2005,2,Attchd,1594,2,0,GasA
133000,8445,85,5,768,5,1972,2007,2,Detchd,768,1,0,GasA
112000,8780,20,5,833,5,1985,1985,0,Not Applicable,833,1,0,GasA
125500,7740,70,4,1363,6,1910,1950,2,Detchd,622,1,0,GasA
215000,20544,60,7,2093,7,1986,1991,2,Attchd,791,2,0,GasA
230000,12420,60,7,1840,6,2001,2001,2,Attchd,944,2,0,GasA
140000,9600,50,6,1668,6,1950,2005,1,Attchd,856,1,0,GasA
90000,7200,90,4,1040,6,1949,1950,2,Detchd,0,2,0,Wall
257000,10994,20,8,1844,7,2005,2006,2,Attchd,1844,2,0,GasA
207000,13053,50,6,1848,8,1923,2000,2,Detchd,833,1,0,GasA
175900,3635,120,7,1569,7,2007,2007,3,Attchd,1386,2,0,GasA
122500,11340,190,4,2290,11,1885,1950,2,Detchd,777,2,0,GasA
340000,16545,60,8,2450,7,1998,1998,3,Attchd,1284,2,0,GasA
124000,9204,20,5,1144,6,1963,1963,1,Detchd,1144,1,0,GasA
223000,16381,20,6,1844,7,1969,1969,2,Attchd,1844,2,0,GasA
179900,11700,60,6,1416,7,1968,1968,2,Attchd,708,2,0,GasA
127500,4043,120,6,1069,4,1977,1977,2,Attchd,1069,2,0,GasA
136500,4435,120,6,848,3,2003,2003,2,Attchd,848,1,0,GasA
274970,19690,80,6,2201,8,1966,1966,2,Attchd,697,2,738,GasA
144000,9503,20,5,1344,6,1958,1983,1,Detchd,1024,1,0,GasA
142000,10721,20,6,1252,7,1959,1959,2,Detchd,1252,1,0,GasA
271000,10944,60,7,2127,5,1994,1994,2,Attchd,1223,2,0,GasA
140000,10930,50,5,1558,6,1945,1950,1,Attchd,913,1,0,GasA
119000,7200,30,5,804,4,1940,1992,1,Attchd,788,1,0,GasA
182900,12546,20,6,1440,7,1981,1981,2,Attchd,1440,2,0,GasA
192140,21930,60,5,1838,7,2005,2005,2,BuiltIn,732,2,0,GasA
143750,4928,120,6,958,5,1976,1976,2,Attchd,958,2,0,GasA
64500,10800,30,4,968,5,1927,2007,1,Detchd,656,2,0,GasA
186500,10261,60,6,1792,8,2000,2000,2,Attchd,936,2,0,GasA
160000,17400,20,5,1126,5,1977,1977,2,Attchd,1126,2,0,GasA
174000,8400,20,6,1537,7,1962,2005,2,Attchd,1319,1,0,GasA
120500,9000,20,4,864,5,1971,1971,2,Detchd,864,1,0,GasA
394617,12444,20,8,1932,7,2008,2008,3,Attchd,1932,2,0,GasA
149700,7407,20,6,1236,6,1957,1996,2,Attchd,912,1,0,GasA
197000,11584,60,7,1725,6,1979,1979,2,Attchd,539,2,0,GasA
191000,11526,70,6,2555,11,1922,1994,2,Detchd,588,2,0,GasA
149300,4426,120,6,848,3,2004,2004,2,Attchd,848,1,0,GasA
310000,11003,60,10,2007,10,2008,2008,3,Attchd,1017,2,0,GasA
121000,8854,30,6,952,4,1916,1950,1,Detchd,952,1,0,Grav
179600,8500,20,7,1422,7,2004,2004,2,Attchd,1422,2,0,GasA
129000,8400,85,6,913,6,1966,1966,1,Detchd,814,1,0,GasA
157900,26142,20,5,1188,6,1962,1962,1,Attchd,1188,1,0,GasA
240000,10000,60,8,2090,8,1995,1996,2,Attchd,1220,2,0,GasA
112000,11767,50,4,1346,6,1910,2000,1,Detchd,560,1,0,GasA
92000,1533,180,5,630,3,1970,1970,0,Not Applicable,630,1,0,GasA
136000,9000,90,5,1792,8,1974,1974,0,Not Applicable,896,2,0,GasA
287090,9262,20,8,1578,7,2008,2009,3,Attchd,1573,2,0,GasA
145000,3675,180,5,1072,5,2005,2005,2,Other,547,1,0,GasA
84500,17217,20,5,1140,6,2006,2006,0,Not Applicable,1140,1,0,GasA
185000,7500,20,7,1221,6,2004,2005,2,Attchd,1221,2,0,GasA
175000,7917,60,6,1647,7,1999,2000,2,Attchd,953,2,0,GasA
210000,13175,20,6,2073,7,1978,1988,2,Attchd,1542,2,0,GasA
266500,9042,70,7,2340,9,1941,2006,1,Attchd,1152,2,0,GasA
142125,9717,20,5,1078,5,1950,1996,1,Attchd,1078,1,0,GasA
147500,9937,20,5,1256,6,1965,1965,1,Attchd,1256,1,0,GasA
